experiment_num,model,short_name,score,training_time_sec,status,params
280,random_forest,rf_d15_mf01_n1500,0.21387,85.26,success,"{'max_depth': 15, 'max_features': 0.1, 'n_estimators': 1500, 'min_samples_split': 2, 'min_samples_leaf': 1}"
279,random_forest,rf_d15_mf01_n1250,0.2134,74.74,success,"{'max_depth': 15, 'max_features': 0.1, 'n_estimators': 1250, 'min_samples_split': 2, 'min_samples_leaf': 1}"
277,random_forest,rf_d15_mf01_n750,0.21273,47.26,success,"{'max_depth': 15, 'max_features': 0.1, 'n_estimators': 750, 'min_samples_split': 2, 'min_samples_leaf': 1}"
278,random_forest,rf_d15_mf01_n1000,0.21261,60.22,success,"{'max_depth': 15, 'max_features': 0.1, 'n_estimators': 1000, 'min_samples_split': 2, 'min_samples_leaf': 1}"
276,random_forest,rf_d15_mf01_n500,0.21241,35.04,success,"{'max_depth': 15, 'max_features': 0.1, 'n_estimators': 500, 'min_samples_split': 2, 'min_samples_leaf': 1}"
304,random_forest,rf_d20_mf01_n1250,0.21043,84.89,success,"{'max_depth': 20, 'max_features': 0.1, 'n_estimators': 1250, 'min_samples_split': 2, 'min_samples_leaf': 1}"
302,random_forest,rf_d20_mf01_n750,0.21036,54.47,success,"{'max_depth': 20, 'max_features': 0.1, 'n_estimators': 750, 'min_samples_split': 2, 'min_samples_leaf': 1}"
282,random_forest,rf_d15_mf02_n750,0.21024,78.53,success,"{'max_depth': 15, 'max_features': 0.2, 'n_estimators': 750, 'min_samples_split': 2, 'min_samples_leaf': 1}"
305,random_forest,rf_d20_mf01_n1500,0.21024,104.58,success,"{'max_depth': 20, 'max_features': 0.1, 'n_estimators': 1500, 'min_samples_split': 2, 'min_samples_leaf': 1}"
303,random_forest,rf_d20_mf01_n1000,0.21016,71.37,success,"{'max_depth': 20, 'max_features': 0.1, 'n_estimators': 1000, 'min_samples_split': 2, 'min_samples_leaf': 1}"
283,random_forest,rf_d15_mf02_n1000,0.21012,109.97,success,"{'max_depth': 15, 'max_features': 0.2, 'n_estimators': 1000, 'min_samples_split': 2, 'min_samples_leaf': 1}"
281,random_forest,rf_d15_mf02_n500,0.20988,55.95,success,"{'max_depth': 15, 'max_features': 0.2, 'n_estimators': 500, 'min_samples_split': 2, 'min_samples_leaf': 1}"
326,random_forest,rf_d25_mf01_n500,0.20957,47.85,success,"{'max_depth': 25, 'max_features': 0.1, 'n_estimators': 500, 'min_samples_split': 2, 'min_samples_leaf': 1}"
285,random_forest,rf_d15_mf02_n1500,0.20953,150.59,success,"{'max_depth': 15, 'max_features': 0.2, 'n_estimators': 1500, 'min_samples_split': 2, 'min_samples_leaf': 1}"
284,random_forest,rf_d15_mf02_n1250,0.20945,131.94,success,"{'max_depth': 15, 'max_features': 0.2, 'n_estimators': 1250, 'min_samples_split': 2, 'min_samples_leaf': 1}"
327,random_forest,rf_d25_mf01_n750,0.20905,63.96,success,"{'max_depth': 25, 'max_features': 0.1, 'n_estimators': 750, 'min_samples_split': 2, 'min_samples_leaf': 1}"
287,random_forest,rf_d15_mf03_n750,0.20818,110.6,success,"{'max_depth': 15, 'max_features': 0.3, 'n_estimators': 750, 'min_samples_split': 2, 'min_samples_leaf': 1}"
330,random_forest,rf_d25_mf01_n1500,0.2081,116.0,success,"{'max_depth': 25, 'max_features': 0.1, 'n_estimators': 1500, 'min_samples_split': 2, 'min_samples_leaf': 1}"
328,random_forest,rf_d25_mf01_n1000,0.20794,79.8,success,"{'max_depth': 25, 'max_features': 0.1, 'n_estimators': 1000, 'min_samples_split': 2, 'min_samples_leaf': 1}"
286,random_forest,rf_d15_mf03_n500,0.20787,79.28,success,"{'max_depth': 15, 'max_features': 0.3, 'n_estimators': 500, 'min_samples_split': 2, 'min_samples_leaf': 1}"
288,random_forest,rf_d15_mf03_n1000,0.20783,153.33,success,"{'max_depth': 15, 'max_features': 0.3, 'n_estimators': 1000, 'min_samples_split': 2, 'min_samples_leaf': 1}"
329,random_forest,rf_d25_mf01_n1250,0.20783,105.47,success,"{'max_depth': 25, 'max_features': 0.1, 'n_estimators': 1250, 'min_samples_split': 2, 'min_samples_leaf': 1}"
289,random_forest,rf_d15_mf03_n1250,0.20775,185.69,success,"{'max_depth': 15, 'max_features': 0.3, 'n_estimators': 1250, 'min_samples_split': 2, 'min_samples_leaf': 1}"
301,random_forest,rf_d20_mf01_n500,0.20704,40.48,success,"{'max_depth': 20, 'max_features': 0.1, 'n_estimators': 500, 'min_samples_split': 2, 'min_samples_leaf': 1}"
353,random_forest,rf_d30_mf01_n1000,0.20664,91.23,success,"{'max_depth': 30, 'max_features': 0.1, 'n_estimators': 1000, 'min_samples_split': 2, 'min_samples_leaf': 1}"
290,random_forest,rf_d15_mf03_n1500,0.20652,216.26,success,"{'max_depth': 15, 'max_features': 0.3, 'n_estimators': 1500, 'min_samples_split': 2, 'min_samples_leaf': 1}"
354,random_forest,rf_d30_mf01_n1250,0.2064,112.35,success,"{'max_depth': 30, 'max_features': 0.1, 'n_estimators': 1250, 'min_samples_split': 2, 'min_samples_leaf': 1}"
255,random_forest,rf_d10_mf01_n1500,0.20621,61.44,success,"{'max_depth': 10, 'max_features': 0.1, 'n_estimators': 1500, 'min_samples_split': 2, 'min_samples_leaf': 1}"
254,random_forest,rf_d10_mf01_n1250,0.20617,52.74,success,"{'max_depth': 10, 'max_features': 0.1, 'n_estimators': 1250, 'min_samples_split': 2, 'min_samples_leaf': 1}"
355,random_forest,rf_d30_mf01_n1500,0.20605,133.84,success,"{'max_depth': 30, 'max_features': 0.1, 'n_estimators': 1500, 'min_samples_split': 2, 'min_samples_leaf': 1}"
310,random_forest,rf_d20_mf02_n1500,0.20601,189.97,success,"{'max_depth': 20, 'max_features': 0.2, 'n_estimators': 1500, 'min_samples_split': 2, 'min_samples_leaf': 1}"
251,random_forest,rf_d10_mf01_n500,0.20593,26.5,success,"{'max_depth': 10, 'max_features': 0.1, 'n_estimators': 500, 'min_samples_split': 2, 'min_samples_leaf': 1}"
252,random_forest,rf_d10_mf01_n750,0.20569,35.98,success,"{'max_depth': 10, 'max_features': 0.1, 'n_estimators': 750, 'min_samples_split': 2, 'min_samples_leaf': 1}"
307,random_forest,rf_d20_mf02_n750,0.20553,95.59,success,"{'max_depth': 20, 'max_features': 0.2, 'n_estimators': 750, 'min_samples_split': 2, 'min_samples_leaf': 1}"
306,random_forest,rf_d20_mf02_n500,0.20549,67.38,success,"{'max_depth': 20, 'max_features': 0.2, 'n_estimators': 500, 'min_samples_split': 2, 'min_samples_leaf': 1}"
352,random_forest,rf_d30_mf01_n750,0.2053,71.41,success,"{'max_depth': 30, 'max_features': 0.1, 'n_estimators': 750, 'min_samples_split': 2, 'min_samples_leaf': 1}"
308,random_forest,rf_d20_mf02_n1000,0.20518,124.4,success,"{'max_depth': 20, 'max_features': 0.2, 'n_estimators': 1000, 'min_samples_split': 2, 'min_samples_leaf': 1}"
309,random_forest,rf_d20_mf02_n1250,0.20514,152.57,success,"{'max_depth': 20, 'max_features': 0.2, 'n_estimators': 1250, 'min_samples_split': 2, 'min_samples_leaf': 1}"
351,random_forest,rf_d30_mf01_n500,0.20514,52.73,success,"{'max_depth': 30, 'max_features': 0.1, 'n_estimators': 500, 'min_samples_split': 2, 'min_samples_leaf': 1}"
292,random_forest,rf_d15_mf04_n750,0.20506,145.83,success,"{'max_depth': 15, 'max_features': 0.4, 'n_estimators': 750, 'min_samples_split': 2, 'min_samples_leaf': 1}"
253,random_forest,rf_d10_mf01_n1000,0.20498,43.55,success,"{'max_depth': 10, 'max_features': 0.1, 'n_estimators': 1000, 'min_samples_split': 2, 'min_samples_leaf': 1}"
293,random_forest,rf_d15_mf04_n1000,0.20498,218.07,success,"{'max_depth': 15, 'max_features': 0.4, 'n_estimators': 1000, 'min_samples_split': 2, 'min_samples_leaf': 1}"
294,random_forest,rf_d15_mf04_n1250,0.20419,251.0,success,"{'max_depth': 15, 'max_features': 0.4, 'n_estimators': 1250, 'min_samples_split': 2, 'min_samples_leaf': 1}"
295,random_forest,rf_d15_mf04_n1500,0.20395,291.45,success,"{'max_depth': 15, 'max_features': 0.4, 'n_estimators': 1500, 'min_samples_split': 2, 'min_samples_leaf': 1}"
260,random_forest,rf_d10_mf02_n1500,0.20383,111.82,success,"{'max_depth': 10, 'max_features': 0.2, 'n_estimators': 1500, 'min_samples_split': 2, 'min_samples_leaf': 1}"
291,random_forest,rf_d15_mf04_n500,0.20348,96.01,success,"{'max_depth': 15, 'max_features': 0.4, 'n_estimators': 500, 'min_samples_split': 2, 'min_samples_leaf': 1}"
257,random_forest,rf_d10_mf02_n750,0.20336,55.51,success,"{'max_depth': 10, 'max_features': 0.2, 'n_estimators': 750, 'min_samples_split': 2, 'min_samples_leaf': 1}"
266,random_forest,rf_d10_mf04_n500,0.20328,75.41,success,"{'max_depth': 10, 'max_features': 0.4, 'n_estimators': 500, 'min_samples_split': 2, 'min_samples_leaf': 1}"
259,random_forest,rf_d10_mf02_n1250,0.20316,89.61,success,"{'max_depth': 10, 'max_features': 0.2, 'n_estimators': 1250, 'min_samples_split': 2, 'min_samples_leaf': 1}"
264,random_forest,rf_d10_mf03_n1250,0.20304,130.07,success,"{'max_depth': 10, 'max_features': 0.3, 'n_estimators': 1250, 'min_samples_split': 2, 'min_samples_leaf': 1}"
265,random_forest,rf_d10_mf03_n1500,0.203,153.04,success,"{'max_depth': 10, 'max_features': 0.3, 'n_estimators': 1500, 'min_samples_split': 2, 'min_samples_leaf': 1}"
258,random_forest,rf_d10_mf02_n1000,0.20296,70.6,success,"{'max_depth': 10, 'max_features': 0.2, 'n_estimators': 1000, 'min_samples_split': 2, 'min_samples_leaf': 1}"
267,random_forest,rf_d10_mf04_n750,0.20296,104.34,success,"{'max_depth': 10, 'max_features': 0.4, 'n_estimators': 750, 'min_samples_split': 2, 'min_samples_leaf': 1}"
268,random_forest,rf_d10_mf04_n1000,0.20296,141.64,success,"{'max_depth': 10, 'max_features': 0.4, 'n_estimators': 1000, 'min_samples_split': 2, 'min_samples_leaf': 1}"
269,random_forest,rf_d10_mf04_n1250,0.20285,174.03,success,"{'max_depth': 10, 'max_features': 0.4, 'n_estimators': 1250, 'min_samples_split': 2, 'min_samples_leaf': 1}"
300,random_forest,rf_d15_mf05_n1500,0.20273,347.88,success,"{'max_depth': 15, 'max_features': 0.5, 'n_estimators': 1500, 'min_samples_split': 2, 'min_samples_leaf': 1}"
256,random_forest,rf_d10_mf02_n500,0.20269,39.09,success,"{'max_depth': 10, 'max_features': 0.2, 'n_estimators': 500, 'min_samples_split': 2, 'min_samples_leaf': 1}"
315,random_forest,rf_d20_mf03_n1500,0.20249,266.08,success,"{'max_depth': 20, 'max_features': 0.3, 'n_estimators': 1500, 'min_samples_split': 2, 'min_samples_leaf': 1}"
299,random_forest,rf_d15_mf05_n1250,0.20237,295.38,success,"{'max_depth': 15, 'max_features': 0.5, 'n_estimators': 1250, 'min_samples_split': 2, 'min_samples_leaf': 1}"
334,random_forest,rf_d25_mf02_n1250,0.20237,176.68,success,"{'max_depth': 25, 'max_features': 0.2, 'n_estimators': 1250, 'min_samples_split': 2, 'min_samples_leaf': 1}"
270,random_forest,rf_d10_mf04_n1500,0.20233,210.59,success,"{'max_depth': 10, 'max_features': 0.4, 'n_estimators': 1500, 'min_samples_split': 2, 'min_samples_leaf': 1}"
297,random_forest,rf_d15_mf05_n750,0.20225,205.94,success,"{'max_depth': 15, 'max_features': 0.5, 'n_estimators': 750, 'min_samples_split': 2, 'min_samples_leaf': 1}"
314,random_forest,rf_d20_mf03_n1250,0.20221,227.04,success,"{'max_depth': 20, 'max_features': 0.3, 'n_estimators': 1250, 'min_samples_split': 2, 'min_samples_leaf': 1}"
359,random_forest,rf_d30_mf02_n1250,0.20217,208.09,success,"{'max_depth': 30, 'max_features': 0.2, 'n_estimators': 1250, 'min_samples_split': 2, 'min_samples_leaf': 1}"
263,random_forest,rf_d10_mf03_n1000,0.20209,110.5,success,"{'max_depth': 10, 'max_features': 0.3, 'n_estimators': 1000, 'min_samples_split': 2, 'min_samples_leaf': 1}"
335,random_forest,rf_d25_mf02_n1500,0.20209,213.46,success,"{'max_depth': 25, 'max_features': 0.2, 'n_estimators': 1500, 'min_samples_split': 2, 'min_samples_leaf': 1}"
333,random_forest,rf_d25_mf02_n1000,0.20206,149.23,success,"{'max_depth': 25, 'max_features': 0.2, 'n_estimators': 1000, 'min_samples_split': 2, 'min_samples_leaf': 1}"
298,random_forest,rf_d15_mf05_n1000,0.20202,229.59,success,"{'max_depth': 15, 'max_features': 0.5, 'n_estimators': 1000, 'min_samples_split': 2, 'min_samples_leaf': 1}"
313,random_forest,rf_d20_mf03_n1000,0.20198,178.11,success,"{'max_depth': 20, 'max_features': 0.3, 'n_estimators': 1000, 'min_samples_split': 2, 'min_samples_leaf': 1}"
262,random_forest,rf_d10_mf03_n750,0.20194,85.2,success,"{'max_depth': 10, 'max_features': 0.3, 'n_estimators': 750, 'min_samples_split': 2, 'min_samples_leaf': 1}"
311,random_forest,rf_d20_mf03_n500,0.20194,94.44,success,"{'max_depth': 20, 'max_features': 0.3, 'n_estimators': 500, 'min_samples_split': 2, 'min_samples_leaf': 1}"
296,random_forest,rf_d15_mf05_n500,0.20182,134.96,success,"{'max_depth': 15, 'max_features': 0.5, 'n_estimators': 500, 'min_samples_split': 2, 'min_samples_leaf': 1}"
312,random_forest,rf_d20_mf03_n750,0.2017,139.19,success,"{'max_depth': 20, 'max_features': 0.3, 'n_estimators': 750, 'min_samples_split': 2, 'min_samples_leaf': 1}"
261,random_forest,rf_d10_mf03_n500,0.20166,59.63,success,"{'max_depth': 10, 'max_features': 0.3, 'n_estimators': 500, 'min_samples_split': 2, 'min_samples_leaf': 1}"
332,random_forest,rf_d25_mf02_n750,0.20146,110.49,success,"{'max_depth': 25, 'max_features': 0.2, 'n_estimators': 750, 'min_samples_split': 2, 'min_samples_leaf': 1}"
356,random_forest,rf_d30_mf02_n500,0.20142,87.02,success,"{'max_depth': 30, 'max_features': 0.2, 'n_estimators': 500, 'min_samples_split': 2, 'min_samples_leaf': 1}"
357,random_forest,rf_d30_mf02_n750,0.20115,135.54,success,"{'max_depth': 30, 'max_features': 0.2, 'n_estimators': 750, 'min_samples_split': 2, 'min_samples_leaf': 1}"
271,random_forest,rf_d10_mf05_n500,0.20095,89.95,success,"{'max_depth': 10, 'max_features': 0.5, 'n_estimators': 500, 'min_samples_split': 2, 'min_samples_leaf': 1}"
272,random_forest,rf_d10_mf05_n750,0.20083,127.0,success,"{'max_depth': 10, 'max_features': 0.5, 'n_estimators': 750, 'min_samples_split': 2, 'min_samples_leaf': 1}"
360,random_forest,rf_d30_mf02_n1500,0.20083,242.92,success,"{'max_depth': 30, 'max_features': 0.2, 'n_estimators': 1500, 'min_samples_split': 2, 'min_samples_leaf': 1}"
331,random_forest,rf_d25_mf02_n500,0.20079,78.81,success,"{'max_depth': 25, 'max_features': 0.2, 'n_estimators': 500, 'min_samples_split': 2, 'min_samples_leaf': 1}"
273,random_forest,rf_d10_mf05_n1000,0.20047,168.84,success,"{'max_depth': 10, 'max_features': 0.5, 'n_estimators': 1000, 'min_samples_split': 2, 'min_samples_leaf': 1}"
274,random_forest,rf_d10_mf05_n1250,0.20024,208.54,success,"{'max_depth': 10, 'max_features': 0.5, 'n_estimators': 1250, 'min_samples_split': 2, 'min_samples_leaf': 1}"
358,random_forest,rf_d30_mf02_n1000,0.20024,173.92,success,"{'max_depth': 30, 'max_features': 0.2, 'n_estimators': 1000, 'min_samples_split': 2, 'min_samples_leaf': 1}"
275,random_forest,rf_d10_mf05_n1500,0.19984,247.84,success,"{'max_depth': 10, 'max_features': 0.5, 'n_estimators': 1500, 'min_samples_split': 2, 'min_samples_leaf': 1}"
339,random_forest,rf_d25_mf03_n1250,0.19941,261.4,success,"{'max_depth': 25, 'max_features': 0.3, 'n_estimators': 1250, 'min_samples_split': 2, 'min_samples_leaf': 1}"
336,random_forest,rf_d25_mf03_n500,0.19842,111.47,success,"{'max_depth': 25, 'max_features': 0.3, 'n_estimators': 500, 'min_samples_split': 2, 'min_samples_leaf': 1}"
340,random_forest,rf_d25_mf03_n1500,0.19838,315.56,success,"{'max_depth': 25, 'max_features': 0.3, 'n_estimators': 1500, 'min_samples_split': 2, 'min_samples_leaf': 1}"
338,random_forest,rf_d25_mf03_n1000,0.19783,209.71,success,"{'max_depth': 25, 'max_features': 0.3, 'n_estimators': 1000, 'min_samples_split': 2, 'min_samples_leaf': 1}"
361,random_forest,rf_d30_mf03_n500,0.19771,118.0,success,"{'max_depth': 30, 'max_features': 0.3, 'n_estimators': 500, 'min_samples_split': 2, 'min_samples_leaf': 1}"
319,random_forest,rf_d20_mf04_n1250,0.19763,307.61,success,"{'max_depth': 20, 'max_features': 0.4, 'n_estimators': 1250, 'min_samples_split': 2, 'min_samples_leaf': 1}"
337,random_forest,rf_d25_mf03_n750,0.19755,164.7,success,"{'max_depth': 25, 'max_features': 0.3, 'n_estimators': 750, 'min_samples_split': 2, 'min_samples_leaf': 1}"
318,random_forest,rf_d20_mf04_n1000,0.19723,240.25,success,"{'max_depth': 20, 'max_features': 0.4, 'n_estimators': 1000, 'min_samples_split': 2, 'min_samples_leaf': 1}"
365,random_forest,rf_d30_mf03_n1500,0.19708,351.61,success,"{'max_depth': 30, 'max_features': 0.3, 'n_estimators': 1500, 'min_samples_split': 2, 'min_samples_leaf': 1}"
316,random_forest,rf_d20_mf04_n500,0.19696,117.75,success,"{'max_depth': 20, 'max_features': 0.4, 'n_estimators': 500, 'min_samples_split': 2, 'min_samples_leaf': 1}"
317,random_forest,rf_d20_mf04_n750,0.19656,196.64,success,"{'max_depth': 20, 'max_features': 0.4, 'n_estimators': 750, 'min_samples_split': 2, 'min_samples_leaf': 1}"
320,random_forest,rf_d20_mf04_n1500,0.19617,341.22,success,"{'max_depth': 20, 'max_features': 0.4, 'n_estimators': 1500, 'min_samples_split': 2, 'min_samples_leaf': 1}"
364,random_forest,rf_d30_mf03_n1250,0.19609,287.75,success,"{'max_depth': 30, 'max_features': 0.3, 'n_estimators': 1250, 'min_samples_split': 2, 'min_samples_leaf': 1}"
363,random_forest,rf_d30_mf03_n1000,0.19573,243.64,success,"{'max_depth': 30, 'max_features': 0.3, 'n_estimators': 1000, 'min_samples_split': 2, 'min_samples_leaf': 1}"
362,random_forest,rf_d30_mf03_n750,0.19569,176.98,success,"{'max_depth': 30, 'max_features': 0.3, 'n_estimators': 750, 'min_samples_split': 2, 'min_samples_leaf': 1}"
322,random_forest,rf_d20_mf05_n750,0.1953,217.49,success,"{'max_depth': 20, 'max_features': 0.5, 'n_estimators': 750, 'min_samples_split': 2, 'min_samples_leaf': 1}"
51,xgboost,xgb_d8_lr0005_n500,0.19514,9.67,success,"{'max_depth': 8, 'learning_rate': 0.005, 'n_estimators': 500, 'subsample': 0.8, 'colsample_bytree': 0.8, 'reg_alpha': 0.2, 'reg_lambda': 0.2, 'min_child_weight': 3}"
52,xgboost,xgb_d8_lr0005_n750,0.19514,9.55,success,"{'max_depth': 8, 'learning_rate': 0.005, 'n_estimators': 750, 'subsample': 0.8, 'colsample_bytree': 0.8, 'reg_alpha': 0.2, 'reg_lambda': 0.2, 'min_child_weight': 3}"
53,xgboost,xgb_d8_lr0005_n1000,0.19514,9.59,success,"{'max_depth': 8, 'learning_rate': 0.005, 'n_estimators': 1000, 'subsample': 0.8, 'colsample_bytree': 0.8, 'reg_alpha': 0.2, 'reg_lambda': 0.2, 'min_child_weight': 3}"
54,xgboost,xgb_d8_lr0005_n1250,0.19514,9.65,success,"{'max_depth': 8, 'learning_rate': 0.005, 'n_estimators': 1250, 'subsample': 0.8, 'colsample_bytree': 0.8, 'reg_alpha': 0.2, 'reg_lambda': 0.2, 'min_child_weight': 3}"
55,xgboost,xgb_d8_lr0005_n1500,0.19514,9.66,success,"{'max_depth': 8, 'learning_rate': 0.005, 'n_estimators': 1500, 'subsample': 0.8, 'colsample_bytree': 0.8, 'reg_alpha': 0.2, 'reg_lambda': 0.2, 'min_child_weight': 3}"
56,xgboost,xgb_d8_lr001_n500,0.19514,9.49,success,"{'max_depth': 8, 'learning_rate': 0.01, 'n_estimators': 500, 'subsample': 0.8, 'colsample_bytree': 0.8, 'reg_alpha': 0.2, 'reg_lambda': 0.2, 'min_child_weight': 3}"
57,xgboost,xgb_d8_lr001_n750,0.19514,9.37,success,"{'max_depth': 8, 'learning_rate': 0.01, 'n_estimators': 750, 'subsample': 0.8, 'colsample_bytree': 0.8, 'reg_alpha': 0.2, 'reg_lambda': 0.2, 'min_child_weight': 3}"
58,xgboost,xgb_d8_lr001_n1000,0.19514,9.39,success,"{'max_depth': 8, 'learning_rate': 0.01, 'n_estimators': 1000, 'subsample': 0.8, 'colsample_bytree': 0.8, 'reg_alpha': 0.2, 'reg_lambda': 0.2, 'min_child_weight': 3}"
59,xgboost,xgb_d8_lr001_n1250,0.19514,9.43,success,"{'max_depth': 8, 'learning_rate': 0.01, 'n_estimators': 1250, 'subsample': 0.8, 'colsample_bytree': 0.8, 'reg_alpha': 0.2, 'reg_lambda': 0.2, 'min_child_weight': 3}"
60,xgboost,xgb_d8_lr001_n1500,0.19514,9.44,success,"{'max_depth': 8, 'learning_rate': 0.01, 'n_estimators': 1500, 'subsample': 0.8, 'colsample_bytree': 0.8, 'reg_alpha': 0.2, 'reg_lambda': 0.2, 'min_child_weight': 3}"
61,xgboost,xgb_d8_lr002_n500,0.19514,9.49,success,"{'max_depth': 8, 'learning_rate': 0.02, 'n_estimators': 500, 'subsample': 0.8, 'colsample_bytree': 0.8, 'reg_alpha': 0.2, 'reg_lambda': 0.2, 'min_child_weight': 3}"
62,xgboost,xgb_d8_lr002_n750,0.19514,9.46,success,"{'max_depth': 8, 'learning_rate': 0.02, 'n_estimators': 750, 'subsample': 0.8, 'colsample_bytree': 0.8, 'reg_alpha': 0.2, 'reg_lambda': 0.2, 'min_child_weight': 3}"
63,xgboost,xgb_d8_lr002_n1000,0.19514,9.36,success,"{'max_depth': 8, 'learning_rate': 0.02, 'n_estimators': 1000, 'subsample': 0.8, 'colsample_bytree': 0.8, 'reg_alpha': 0.2, 'reg_lambda': 0.2, 'min_child_weight': 3}"
64,xgboost,xgb_d8_lr002_n1250,0.19514,9.32,success,"{'max_depth': 8, 'learning_rate': 0.02, 'n_estimators': 1250, 'subsample': 0.8, 'colsample_bytree': 0.8, 'reg_alpha': 0.2, 'reg_lambda': 0.2, 'min_child_weight': 3}"
65,xgboost,xgb_d8_lr002_n1500,0.19514,9.31,success,"{'max_depth': 8, 'learning_rate': 0.02, 'n_estimators': 1500, 'subsample': 0.8, 'colsample_bytree': 0.8, 'reg_alpha': 0.2, 'reg_lambda': 0.2, 'min_child_weight': 3}"
66,xgboost,xgb_d8_lr005_n500,0.19514,9.29,success,"{'max_depth': 8, 'learning_rate': 0.05, 'n_estimators': 500, 'subsample': 0.8, 'colsample_bytree': 0.8, 'reg_alpha': 0.2, 'reg_lambda': 0.2, 'min_child_weight': 3}"
67,xgboost,xgb_d8_lr005_n750,0.19514,9.21,success,"{'max_depth': 8, 'learning_rate': 0.05, 'n_estimators': 750, 'subsample': 0.8, 'colsample_bytree': 0.8, 'reg_alpha': 0.2, 'reg_lambda': 0.2, 'min_child_weight': 3}"
68,xgboost,xgb_d8_lr005_n1000,0.19514,9.25,success,"{'max_depth': 8, 'learning_rate': 0.05, 'n_estimators': 1000, 'subsample': 0.8, 'colsample_bytree': 0.8, 'reg_alpha': 0.2, 'reg_lambda': 0.2, 'min_child_weight': 3}"
69,xgboost,xgb_d8_lr005_n1250,0.19514,9.4,success,"{'max_depth': 8, 'learning_rate': 0.05, 'n_estimators': 1250, 'subsample': 0.8, 'colsample_bytree': 0.8, 'reg_alpha': 0.2, 'reg_lambda': 0.2, 'min_child_weight': 3}"
70,xgboost,xgb_d8_lr005_n1500,0.19514,9.7,success,"{'max_depth': 8, 'learning_rate': 0.05, 'n_estimators': 1500, 'subsample': 0.8, 'colsample_bytree': 0.8, 'reg_alpha': 0.2, 'reg_lambda': 0.2, 'min_child_weight': 3}"
71,xgboost,xgb_d8_lr01_n500,0.19514,9.23,success,"{'max_depth': 8, 'learning_rate': 0.1, 'n_estimators': 500, 'subsample': 0.8, 'colsample_bytree': 0.8, 'reg_alpha': 0.2, 'reg_lambda': 0.2, 'min_child_weight': 3}"
72,xgboost,xgb_d8_lr01_n750,0.19514,9.29,success,"{'max_depth': 8, 'learning_rate': 0.1, 'n_estimators': 750, 'subsample': 0.8, 'colsample_bytree': 0.8, 'reg_alpha': 0.2, 'reg_lambda': 0.2, 'min_child_weight': 3}"
73,xgboost,xgb_d8_lr01_n1000,0.19514,9.29,success,"{'max_depth': 8, 'learning_rate': 0.1, 'n_estimators': 1000, 'subsample': 0.8, 'colsample_bytree': 0.8, 'reg_alpha': 0.2, 'reg_lambda': 0.2, 'min_child_weight': 3}"
74,xgboost,xgb_d8_lr01_n1250,0.19514,9.25,success,"{'max_depth': 8, 'learning_rate': 0.1, 'n_estimators': 1250, 'subsample': 0.8, 'colsample_bytree': 0.8, 'reg_alpha': 0.2, 'reg_lambda': 0.2, 'min_child_weight': 3}"
75,xgboost,xgb_d8_lr01_n1500,0.19514,9.3,success,"{'max_depth': 8, 'learning_rate': 0.1, 'n_estimators': 1500, 'subsample': 0.8, 'colsample_bytree': 0.8, 'reg_alpha': 0.2, 'reg_lambda': 0.2, 'min_child_weight': 3}"
323,random_forest,rf_d20_mf05_n1000,0.19498,10500.63,success,"{'max_depth': 20, 'max_features': 0.5, 'n_estimators': 1000, 'min_samples_split': 2, 'min_samples_leaf': 1}"
346,random_forest,rf_d25_mf05_n500,0.19482,168.59,success,"{'max_depth': 25, 'max_features': 0.5, 'n_estimators': 500, 'min_samples_split': 2, 'min_samples_leaf': 1}"
345,random_forest,rf_d25_mf04_n1500,0.1947,431.12,success,"{'max_depth': 25, 'max_features': 0.4, 'n_estimators': 1500, 'min_samples_split': 2, 'min_samples_leaf': 1}"
324,random_forest,rf_d20_mf05_n1250,0.19447,18846.38,success,"{'max_depth': 20, 'max_features': 0.5, 'n_estimators': 1250, 'min_samples_split': 2, 'min_samples_leaf': 1}"
344,random_forest,rf_d25_mf04_n1250,0.19435,373.45,success,"{'max_depth': 25, 'max_features': 0.4, 'n_estimators': 1250, 'min_samples_split': 2, 'min_samples_leaf': 1}"
325,random_forest,rf_d20_mf05_n1500,0.19427,2037.85,success,"{'max_depth': 20, 'max_features': 0.5, 'n_estimators': 1500, 'min_samples_split': 2, 'min_samples_leaf': 1}"
347,random_forest,rf_d25_mf05_n750,0.19423,259.9,success,"{'max_depth': 25, 'max_features': 0.5, 'n_estimators': 750, 'min_samples_split': 2, 'min_samples_leaf': 1}"
349,random_forest,rf_d25_mf05_n1250,0.19399,409.21,success,"{'max_depth': 25, 'max_features': 0.5, 'n_estimators': 1250, 'min_samples_split': 2, 'min_samples_leaf': 1}"
321,random_forest,rf_d20_mf05_n500,0.19395,142.61,success,"{'max_depth': 20, 'max_features': 0.5, 'n_estimators': 500, 'min_samples_split': 2, 'min_samples_leaf': 1}"
343,random_forest,rf_d25_mf04_n1000,0.19395,288.77,success,"{'max_depth': 25, 'max_features': 0.4, 'n_estimators': 1000, 'min_samples_split': 2, 'min_samples_leaf': 1}"
350,random_forest,rf_d25_mf05_n1500,0.19375,522.71,success,"{'max_depth': 25, 'max_features': 0.5, 'n_estimators': 1500, 'min_samples_split': 2, 'min_samples_leaf': 1}"
369,random_forest,rf_d30_mf04_n1250,0.19364,386.66,success,"{'max_depth': 30, 'max_features': 0.4, 'n_estimators': 1250, 'min_samples_split': 2, 'min_samples_leaf': 1}"
341,random_forest,rf_d25_mf04_n500,0.1934,138.74,success,"{'max_depth': 25, 'max_features': 0.4, 'n_estimators': 500, 'min_samples_split': 2, 'min_samples_leaf': 1}"
348,random_forest,rf_d25_mf05_n1000,0.1934,331.38,success,"{'max_depth': 25, 'max_features': 0.5, 'n_estimators': 1000, 'min_samples_split': 2, 'min_samples_leaf': 1}"
368,random_forest,rf_d30_mf04_n1000,0.19328,304.79,success,"{'max_depth': 30, 'max_features': 0.4, 'n_estimators': 1000, 'min_samples_split': 2, 'min_samples_leaf': 1}"
370,random_forest,rf_d30_mf04_n1500,0.193,440.66,success,"{'max_depth': 30, 'max_features': 0.4, 'n_estimators': 1500, 'min_samples_split': 2, 'min_samples_leaf': 1}"
342,random_forest,rf_d25_mf04_n750,0.19285,205.67,success,"{'max_depth': 25, 'max_features': 0.4, 'n_estimators': 750, 'min_samples_split': 2, 'min_samples_leaf': 1}"
367,random_forest,rf_d30_mf04_n750,0.19198,238.07,success,"{'max_depth': 30, 'max_features': 0.4, 'n_estimators': 750, 'min_samples_split': 2, 'min_samples_leaf': 1}"
373,random_forest,rf_d30_mf05_n1000,0.19083,360.65,success,"{'max_depth': 30, 'max_features': 0.5, 'n_estimators': 1000, 'min_samples_split': 2, 'min_samples_leaf': 1}"
372,random_forest,rf_d30_mf05_n750,0.19071,277.58,success,"{'max_depth': 30, 'max_features': 0.5, 'n_estimators': 750, 'min_samples_split': 2, 'min_samples_leaf': 1}"
375,random_forest,rf_d30_mf05_n1500,0.19059,536.78,success,"{'max_depth': 30, 'max_features': 0.5, 'n_estimators': 1500, 'min_samples_split': 2, 'min_samples_leaf': 1}"
366,random_forest,rf_d30_mf04_n500,0.19043,157.41,success,"{'max_depth': 30, 'max_features': 0.4, 'n_estimators': 500, 'min_samples_split': 2, 'min_samples_leaf': 1}"
374,random_forest,rf_d30_mf05_n1250,0.19016,474.5,success,"{'max_depth': 30, 'max_features': 0.5, 'n_estimators': 1250, 'min_samples_split': 2, 'min_samples_leaf': 1}"
371,random_forest,rf_d30_mf05_n500,0.18933,193.85,success,"{'max_depth': 30, 'max_features': 0.5, 'n_estimators': 500, 'min_samples_split': 2, 'min_samples_leaf': 1}"
26,xgboost,xgb_d6_lr0005_n500,0.18099,9.04,success,"{'max_depth': 6, 'learning_rate': 0.005, 'n_estimators': 500, 'subsample': 0.8, 'colsample_bytree': 0.8, 'reg_alpha': 0.2, 'reg_lambda': 0.2, 'min_child_weight': 3}"
27,xgboost,xgb_d6_lr0005_n750,0.18099,9.22,success,"{'max_depth': 6, 'learning_rate': 0.005, 'n_estimators': 750, 'subsample': 0.8, 'colsample_bytree': 0.8, 'reg_alpha': 0.2, 'reg_lambda': 0.2, 'min_child_weight': 3}"
28,xgboost,xgb_d6_lr0005_n1000,0.18099,9.39,success,"{'max_depth': 6, 'learning_rate': 0.005, 'n_estimators': 1000, 'subsample': 0.8, 'colsample_bytree': 0.8, 'reg_alpha': 0.2, 'reg_lambda': 0.2, 'min_child_weight': 3}"
29,xgboost,xgb_d6_lr0005_n1250,0.18099,9.14,success,"{'max_depth': 6, 'learning_rate': 0.005, 'n_estimators': 1250, 'subsample': 0.8, 'colsample_bytree': 0.8, 'reg_alpha': 0.2, 'reg_lambda': 0.2, 'min_child_weight': 3}"
30,xgboost,xgb_d6_lr0005_n1500,0.18099,9.76,success,"{'max_depth': 6, 'learning_rate': 0.005, 'n_estimators': 1500, 'subsample': 0.8, 'colsample_bytree': 0.8, 'reg_alpha': 0.2, 'reg_lambda': 0.2, 'min_child_weight': 3}"
31,xgboost,xgb_d6_lr001_n500,0.18099,9.93,success,"{'max_depth': 6, 'learning_rate': 0.01, 'n_estimators': 500, 'subsample': 0.8, 'colsample_bytree': 0.8, 'reg_alpha': 0.2, 'reg_lambda': 0.2, 'min_child_weight': 3}"
32,xgboost,xgb_d6_lr001_n750,0.18099,9.75,success,"{'max_depth': 6, 'learning_rate': 0.01, 'n_estimators': 750, 'subsample': 0.8, 'colsample_bytree': 0.8, 'reg_alpha': 0.2, 'reg_lambda': 0.2, 'min_child_weight': 3}"
33,xgboost,xgb_d6_lr001_n1000,0.18099,9.68,success,"{'max_depth': 6, 'learning_rate': 0.01, 'n_estimators': 1000, 'subsample': 0.8, 'colsample_bytree': 0.8, 'reg_alpha': 0.2, 'reg_lambda': 0.2, 'min_child_weight': 3}"
34,xgboost,xgb_d6_lr001_n1250,0.18099,9.31,success,"{'max_depth': 6, 'learning_rate': 0.01, 'n_estimators': 1250, 'subsample': 0.8, 'colsample_bytree': 0.8, 'reg_alpha': 0.2, 'reg_lambda': 0.2, 'min_child_weight': 3}"
35,xgboost,xgb_d6_lr001_n1500,0.18099,9.67,success,"{'max_depth': 6, 'learning_rate': 0.01, 'n_estimators': 1500, 'subsample': 0.8, 'colsample_bytree': 0.8, 'reg_alpha': 0.2, 'reg_lambda': 0.2, 'min_child_weight': 3}"
36,xgboost,xgb_d6_lr002_n500,0.18099,9.57,success,"{'max_depth': 6, 'learning_rate': 0.02, 'n_estimators': 500, 'subsample': 0.8, 'colsample_bytree': 0.8, 'reg_alpha': 0.2, 'reg_lambda': 0.2, 'min_child_weight': 3}"
37,xgboost,xgb_d6_lr002_n750,0.18099,9.8,success,"{'max_depth': 6, 'learning_rate': 0.02, 'n_estimators': 750, 'subsample': 0.8, 'colsample_bytree': 0.8, 'reg_alpha': 0.2, 'reg_lambda': 0.2, 'min_child_weight': 3}"
38,xgboost,xgb_d6_lr002_n1000,0.18099,9.7,success,"{'max_depth': 6, 'learning_rate': 0.02, 'n_estimators': 1000, 'subsample': 0.8, 'colsample_bytree': 0.8, 'reg_alpha': 0.2, 'reg_lambda': 0.2, 'min_child_weight': 3}"
39,xgboost,xgb_d6_lr002_n1250,0.18099,9.18,success,"{'max_depth': 6, 'learning_rate': 0.02, 'n_estimators': 1250, 'subsample': 0.8, 'colsample_bytree': 0.8, 'reg_alpha': 0.2, 'reg_lambda': 0.2, 'min_child_weight': 3}"
40,xgboost,xgb_d6_lr002_n1500,0.18099,9.04,success,"{'max_depth': 6, 'learning_rate': 0.02, 'n_estimators': 1500, 'subsample': 0.8, 'colsample_bytree': 0.8, 'reg_alpha': 0.2, 'reg_lambda': 0.2, 'min_child_weight': 3}"
41,xgboost,xgb_d6_lr005_n500,0.18099,8.94,success,"{'max_depth': 6, 'learning_rate': 0.05, 'n_estimators': 500, 'subsample': 0.8, 'colsample_bytree': 0.8, 'reg_alpha': 0.2, 'reg_lambda': 0.2, 'min_child_weight': 3}"
42,xgboost,xgb_d6_lr005_n750,0.18099,8.83,success,"{'max_depth': 6, 'learning_rate': 0.05, 'n_estimators': 750, 'subsample': 0.8, 'colsample_bytree': 0.8, 'reg_alpha': 0.2, 'reg_lambda': 0.2, 'min_child_weight': 3}"
43,xgboost,xgb_d6_lr005_n1000,0.18099,8.89,success,"{'max_depth': 6, 'learning_rate': 0.05, 'n_estimators': 1000, 'subsample': 0.8, 'colsample_bytree': 0.8, 'reg_alpha': 0.2, 'reg_lambda': 0.2, 'min_child_weight': 3}"
44,xgboost,xgb_d6_lr005_n1250,0.18099,9.02,success,"{'max_depth': 6, 'learning_rate': 0.05, 'n_estimators': 1250, 'subsample': 0.8, 'colsample_bytree': 0.8, 'reg_alpha': 0.2, 'reg_lambda': 0.2, 'min_child_weight': 3}"
45,xgboost,xgb_d6_lr005_n1500,0.18099,8.93,success,"{'max_depth': 6, 'learning_rate': 0.05, 'n_estimators': 1500, 'subsample': 0.8, 'colsample_bytree': 0.8, 'reg_alpha': 0.2, 'reg_lambda': 0.2, 'min_child_weight': 3}"
46,xgboost,xgb_d6_lr01_n500,0.18099,8.89,success,"{'max_depth': 6, 'learning_rate': 0.1, 'n_estimators': 500, 'subsample': 0.8, 'colsample_bytree': 0.8, 'reg_alpha': 0.2, 'reg_lambda': 0.2, 'min_child_weight': 3}"
47,xgboost,xgb_d6_lr01_n750,0.18099,8.91,success,"{'max_depth': 6, 'learning_rate': 0.1, 'n_estimators': 750, 'subsample': 0.8, 'colsample_bytree': 0.8, 'reg_alpha': 0.2, 'reg_lambda': 0.2, 'min_child_weight': 3}"
48,xgboost,xgb_d6_lr01_n1000,0.18099,8.97,success,"{'max_depth': 6, 'learning_rate': 0.1, 'n_estimators': 1000, 'subsample': 0.8, 'colsample_bytree': 0.8, 'reg_alpha': 0.2, 'reg_lambda': 0.2, 'min_child_weight': 3}"
49,xgboost,xgb_d6_lr01_n1250,0.18099,9.02,success,"{'max_depth': 6, 'learning_rate': 0.1, 'n_estimators': 1250, 'subsample': 0.8, 'colsample_bytree': 0.8, 'reg_alpha': 0.2, 'reg_lambda': 0.2, 'min_child_weight': 3}"
50,xgboost,xgb_d6_lr01_n1500,0.18099,8.98,success,"{'max_depth': 6, 'learning_rate': 0.1, 'n_estimators': 1500, 'subsample': 0.8, 'colsample_bytree': 0.8, 'reg_alpha': 0.2, 'reg_lambda': 0.2, 'min_child_weight': 3}"
1,xgboost,xgb_d4_lr0005_n500,0.17285,9.98,success,"{'max_depth': 4, 'learning_rate': 0.005, 'n_estimators': 500, 'subsample': 0.8, 'colsample_bytree': 0.8, 'reg_alpha': 0.2, 'reg_lambda': 0.2, 'min_child_weight': 3}"
2,xgboost,xgb_d4_lr0005_n750,0.17285,8.82,success,"{'max_depth': 4, 'learning_rate': 0.005, 'n_estimators': 750, 'subsample': 0.8, 'colsample_bytree': 0.8, 'reg_alpha': 0.2, 'reg_lambda': 0.2, 'min_child_weight': 3}"
3,xgboost,xgb_d4_lr0005_n1000,0.17285,8.83,success,"{'max_depth': 4, 'learning_rate': 0.005, 'n_estimators': 1000, 'subsample': 0.8, 'colsample_bytree': 0.8, 'reg_alpha': 0.2, 'reg_lambda': 0.2, 'min_child_weight': 3}"
4,xgboost,xgb_d4_lr0005_n1250,0.17285,8.87,success,"{'max_depth': 4, 'learning_rate': 0.005, 'n_estimators': 1250, 'subsample': 0.8, 'colsample_bytree': 0.8, 'reg_alpha': 0.2, 'reg_lambda': 0.2, 'min_child_weight': 3}"
5,xgboost,xgb_d4_lr0005_n1500,0.17285,8.98,success,"{'max_depth': 4, 'learning_rate': 0.005, 'n_estimators': 1500, 'subsample': 0.8, 'colsample_bytree': 0.8, 'reg_alpha': 0.2, 'reg_lambda': 0.2, 'min_child_weight': 3}"
6,xgboost,xgb_d4_lr001_n500,0.17285,8.79,success,"{'max_depth': 4, 'learning_rate': 0.01, 'n_estimators': 500, 'subsample': 0.8, 'colsample_bytree': 0.8, 'reg_alpha': 0.2, 'reg_lambda': 0.2, 'min_child_weight': 3}"
7,xgboost,xgb_d4_lr001_n750,0.17285,9.33,success,"{'max_depth': 4, 'learning_rate': 0.01, 'n_estimators': 750, 'subsample': 0.8, 'colsample_bytree': 0.8, 'reg_alpha': 0.2, 'reg_lambda': 0.2, 'min_child_weight': 3}"
8,xgboost,xgb_d4_lr001_n1000,0.17285,9.47,success,"{'max_depth': 4, 'learning_rate': 0.01, 'n_estimators': 1000, 'subsample': 0.8, 'colsample_bytree': 0.8, 'reg_alpha': 0.2, 'reg_lambda': 0.2, 'min_child_weight': 3}"
9,xgboost,xgb_d4_lr001_n1250,0.17285,9.42,success,"{'max_depth': 4, 'learning_rate': 0.01, 'n_estimators': 1250, 'subsample': 0.8, 'colsample_bytree': 0.8, 'reg_alpha': 0.2, 'reg_lambda': 0.2, 'min_child_weight': 3}"
10,xgboost,xgb_d4_lr001_n1500,0.17285,9.39,success,"{'max_depth': 4, 'learning_rate': 0.01, 'n_estimators': 1500, 'subsample': 0.8, 'colsample_bytree': 0.8, 'reg_alpha': 0.2, 'reg_lambda': 0.2, 'min_child_weight': 3}"
11,xgboost,xgb_d4_lr002_n500,0.17285,9.88,success,"{'max_depth': 4, 'learning_rate': 0.02, 'n_estimators': 500, 'subsample': 0.8, 'colsample_bytree': 0.8, 'reg_alpha': 0.2, 'reg_lambda': 0.2, 'min_child_weight': 3}"
12,xgboost,xgb_d4_lr002_n750,0.17285,8.75,success,"{'max_depth': 4, 'learning_rate': 0.02, 'n_estimators': 750, 'subsample': 0.8, 'colsample_bytree': 0.8, 'reg_alpha': 0.2, 'reg_lambda': 0.2, 'min_child_weight': 3}"
13,xgboost,xgb_d4_lr002_n1000,0.17285,8.78,success,"{'max_depth': 4, 'learning_rate': 0.02, 'n_estimators': 1000, 'subsample': 0.8, 'colsample_bytree': 0.8, 'reg_alpha': 0.2, 'reg_lambda': 0.2, 'min_child_weight': 3}"
14,xgboost,xgb_d4_lr002_n1250,0.17285,8.67,success,"{'max_depth': 4, 'learning_rate': 0.02, 'n_estimators': 1250, 'subsample': 0.8, 'colsample_bytree': 0.8, 'reg_alpha': 0.2, 'reg_lambda': 0.2, 'min_child_weight': 3}"
15,xgboost,xgb_d4_lr002_n1500,0.17285,8.75,success,"{'max_depth': 4, 'learning_rate': 0.02, 'n_estimators': 1500, 'subsample': 0.8, 'colsample_bytree': 0.8, 'reg_alpha': 0.2, 'reg_lambda': 0.2, 'min_child_weight': 3}"
16,xgboost,xgb_d4_lr005_n500,0.17285,8.79,success,"{'max_depth': 4, 'learning_rate': 0.05, 'n_estimators': 500, 'subsample': 0.8, 'colsample_bytree': 0.8, 'reg_alpha': 0.2, 'reg_lambda': 0.2, 'min_child_weight': 3}"
17,xgboost,xgb_d4_lr005_n750,0.17285,8.75,success,"{'max_depth': 4, 'learning_rate': 0.05, 'n_estimators': 750, 'subsample': 0.8, 'colsample_bytree': 0.8, 'reg_alpha': 0.2, 'reg_lambda': 0.2, 'min_child_weight': 3}"
18,xgboost,xgb_d4_lr005_n1000,0.17285,8.81,success,"{'max_depth': 4, 'learning_rate': 0.05, 'n_estimators': 1000, 'subsample': 0.8, 'colsample_bytree': 0.8, 'reg_alpha': 0.2, 'reg_lambda': 0.2, 'min_child_weight': 3}"
19,xgboost,xgb_d4_lr005_n1250,0.17285,8.75,success,"{'max_depth': 4, 'learning_rate': 0.05, 'n_estimators': 1250, 'subsample': 0.8, 'colsample_bytree': 0.8, 'reg_alpha': 0.2, 'reg_lambda': 0.2, 'min_child_weight': 3}"
20,xgboost,xgb_d4_lr005_n1500,0.17285,8.61,success,"{'max_depth': 4, 'learning_rate': 0.05, 'n_estimators': 1500, 'subsample': 0.8, 'colsample_bytree': 0.8, 'reg_alpha': 0.2, 'reg_lambda': 0.2, 'min_child_weight': 3}"
21,xgboost,xgb_d4_lr01_n500,0.17285,8.8,success,"{'max_depth': 4, 'learning_rate': 0.1, 'n_estimators': 500, 'subsample': 0.8, 'colsample_bytree': 0.8, 'reg_alpha': 0.2, 'reg_lambda': 0.2, 'min_child_weight': 3}"
22,xgboost,xgb_d4_lr01_n750,0.17285,8.74,success,"{'max_depth': 4, 'learning_rate': 0.1, 'n_estimators': 750, 'subsample': 0.8, 'colsample_bytree': 0.8, 'reg_alpha': 0.2, 'reg_lambda': 0.2, 'min_child_weight': 3}"
23,xgboost,xgb_d4_lr01_n1000,0.17285,8.74,success,"{'max_depth': 4, 'learning_rate': 0.1, 'n_estimators': 1000, 'subsample': 0.8, 'colsample_bytree': 0.8, 'reg_alpha': 0.2, 'reg_lambda': 0.2, 'min_child_weight': 3}"
24,xgboost,xgb_d4_lr01_n1250,0.17285,8.84,success,"{'max_depth': 4, 'learning_rate': 0.1, 'n_estimators': 1250, 'subsample': 0.8, 'colsample_bytree': 0.8, 'reg_alpha': 0.2, 'reg_lambda': 0.2, 'min_child_weight': 3}"
25,xgboost,xgb_d4_lr01_n1500,0.17285,8.64,success,"{'max_depth': 4, 'learning_rate': 0.1, 'n_estimators': 1500, 'subsample': 0.8, 'colsample_bytree': 0.8, 'reg_alpha': 0.2, 'reg_lambda': 0.2, 'min_child_weight': 3}"
131,catboost,cb_d4_lr001_n500,0.16806,8.12,success,"{'depth': 4, 'learning_rate': 0.01, 'iterations': 500, 'l2_leaf_reg': 5.0, 'subsample': 0.8, 'border_count': 254, 'random_strength': 0.5}"
132,catboost,cb_d4_lr001_n750,0.16806,7.64,success,"{'depth': 4, 'learning_rate': 0.01, 'iterations': 750, 'l2_leaf_reg': 5.0, 'subsample': 0.8, 'border_count': 254, 'random_strength': 0.5}"
133,catboost,cb_d4_lr001_n1000,0.16806,7.52,success,"{'depth': 4, 'learning_rate': 0.01, 'iterations': 1000, 'l2_leaf_reg': 5.0, 'subsample': 0.8, 'border_count': 254, 'random_strength': 0.5}"
134,catboost,cb_d4_lr001_n1250,0.16806,7.55,success,"{'depth': 4, 'learning_rate': 0.01, 'iterations': 1250, 'l2_leaf_reg': 5.0, 'subsample': 0.8, 'border_count': 254, 'random_strength': 0.5}"
135,catboost,cb_d4_lr001_n1500,0.16806,7.82,success,"{'depth': 4, 'learning_rate': 0.01, 'iterations': 1500, 'l2_leaf_reg': 5.0, 'subsample': 0.8, 'border_count': 254, 'random_strength': 0.5}"
101,xgboost,xgb_d12_lr0005_n500,0.16399,13.21,success,"{'max_depth': 12, 'learning_rate': 0.005, 'n_estimators': 500, 'subsample': 0.8, 'colsample_bytree': 0.8, 'reg_alpha': 0.2, 'reg_lambda': 0.2, 'min_child_weight': 3}"
102,xgboost,xgb_d12_lr0005_n750,0.16399,13.32,success,"{'max_depth': 12, 'learning_rate': 0.005, 'n_estimators': 750, 'subsample': 0.8, 'colsample_bytree': 0.8, 'reg_alpha': 0.2, 'reg_lambda': 0.2, 'min_child_weight': 3}"
103,xgboost,xgb_d12_lr0005_n1000,0.16399,13.16,success,"{'max_depth': 12, 'learning_rate': 0.005, 'n_estimators': 1000, 'subsample': 0.8, 'colsample_bytree': 0.8, 'reg_alpha': 0.2, 'reg_lambda': 0.2, 'min_child_weight': 3}"
104,xgboost,xgb_d12_lr0005_n1250,0.16399,13.03,success,"{'max_depth': 12, 'learning_rate': 0.005, 'n_estimators': 1250, 'subsample': 0.8, 'colsample_bytree': 0.8, 'reg_alpha': 0.2, 'reg_lambda': 0.2, 'min_child_weight': 3}"
105,xgboost,xgb_d12_lr0005_n1500,0.16399,13.15,success,"{'max_depth': 12, 'learning_rate': 0.005, 'n_estimators': 1500, 'subsample': 0.8, 'colsample_bytree': 0.8, 'reg_alpha': 0.2, 'reg_lambda': 0.2, 'min_child_weight': 3}"
106,xgboost,xgb_d12_lr001_n500,0.16399,12.39,success,"{'max_depth': 12, 'learning_rate': 0.01, 'n_estimators': 500, 'subsample': 0.8, 'colsample_bytree': 0.8, 'reg_alpha': 0.2, 'reg_lambda': 0.2, 'min_child_weight': 3}"
107,xgboost,xgb_d12_lr001_n750,0.16399,12.24,success,"{'max_depth': 12, 'learning_rate': 0.01, 'n_estimators': 750, 'subsample': 0.8, 'colsample_bytree': 0.8, 'reg_alpha': 0.2, 'reg_lambda': 0.2, 'min_child_weight': 3}"
108,xgboost,xgb_d12_lr001_n1000,0.16399,12.38,success,"{'max_depth': 12, 'learning_rate': 0.01, 'n_estimators': 1000, 'subsample': 0.8, 'colsample_bytree': 0.8, 'reg_alpha': 0.2, 'reg_lambda': 0.2, 'min_child_weight': 3}"
109,xgboost,xgb_d12_lr001_n1250,0.16399,12.44,success,"{'max_depth': 12, 'learning_rate': 0.01, 'n_estimators': 1250, 'subsample': 0.8, 'colsample_bytree': 0.8, 'reg_alpha': 0.2, 'reg_lambda': 0.2, 'min_child_weight': 3}"
110,xgboost,xgb_d12_lr001_n1500,0.16399,12.29,success,"{'max_depth': 12, 'learning_rate': 0.01, 'n_estimators': 1500, 'subsample': 0.8, 'colsample_bytree': 0.8, 'reg_alpha': 0.2, 'reg_lambda': 0.2, 'min_child_weight': 3}"
111,xgboost,xgb_d12_lr002_n500,0.16399,11.97,success,"{'max_depth': 12, 'learning_rate': 0.02, 'n_estimators': 500, 'subsample': 0.8, 'colsample_bytree': 0.8, 'reg_alpha': 0.2, 'reg_lambda': 0.2, 'min_child_weight': 3}"
112,xgboost,xgb_d12_lr002_n750,0.16399,11.9,success,"{'max_depth': 12, 'learning_rate': 0.02, 'n_estimators': 750, 'subsample': 0.8, 'colsample_bytree': 0.8, 'reg_alpha': 0.2, 'reg_lambda': 0.2, 'min_child_weight': 3}"
113,xgboost,xgb_d12_lr002_n1000,0.16399,11.75,success,"{'max_depth': 12, 'learning_rate': 0.02, 'n_estimators': 1000, 'subsample': 0.8, 'colsample_bytree': 0.8, 'reg_alpha': 0.2, 'reg_lambda': 0.2, 'min_child_weight': 3}"
114,xgboost,xgb_d12_lr002_n1250,0.16399,12.12,success,"{'max_depth': 12, 'learning_rate': 0.02, 'n_estimators': 1250, 'subsample': 0.8, 'colsample_bytree': 0.8, 'reg_alpha': 0.2, 'reg_lambda': 0.2, 'min_child_weight': 3}"
115,xgboost,xgb_d12_lr002_n1500,0.16399,11.76,success,"{'max_depth': 12, 'learning_rate': 0.02, 'n_estimators': 1500, 'subsample': 0.8, 'colsample_bytree': 0.8, 'reg_alpha': 0.2, 'reg_lambda': 0.2, 'min_child_weight': 3}"
116,xgboost,xgb_d12_lr005_n500,0.16399,11.28,success,"{'max_depth': 12, 'learning_rate': 0.05, 'n_estimators': 500, 'subsample': 0.8, 'colsample_bytree': 0.8, 'reg_alpha': 0.2, 'reg_lambda': 0.2, 'min_child_weight': 3}"
117,xgboost,xgb_d12_lr005_n750,0.16399,10.69,success,"{'max_depth': 12, 'learning_rate': 0.05, 'n_estimators': 750, 'subsample': 0.8, 'colsample_bytree': 0.8, 'reg_alpha': 0.2, 'reg_lambda': 0.2, 'min_child_weight': 3}"
118,xgboost,xgb_d12_lr005_n1000,0.16399,10.86,success,"{'max_depth': 12, 'learning_rate': 0.05, 'n_estimators': 1000, 'subsample': 0.8, 'colsample_bytree': 0.8, 'reg_alpha': 0.2, 'reg_lambda': 0.2, 'min_child_weight': 3}"
119,xgboost,xgb_d12_lr005_n1250,0.16399,10.6,success,"{'max_depth': 12, 'learning_rate': 0.05, 'n_estimators': 1250, 'subsample': 0.8, 'colsample_bytree': 0.8, 'reg_alpha': 0.2, 'reg_lambda': 0.2, 'min_child_weight': 3}"
120,xgboost,xgb_d12_lr005_n1500,0.16399,10.51,success,"{'max_depth': 12, 'learning_rate': 0.05, 'n_estimators': 1500, 'subsample': 0.8, 'colsample_bytree': 0.8, 'reg_alpha': 0.2, 'reg_lambda': 0.2, 'min_child_weight': 3}"
121,xgboost,xgb_d12_lr01_n500,0.16399,10.75,success,"{'max_depth': 12, 'learning_rate': 0.1, 'n_estimators': 500, 'subsample': 0.8, 'colsample_bytree': 0.8, 'reg_alpha': 0.2, 'reg_lambda': 0.2, 'min_child_weight': 3}"
122,xgboost,xgb_d12_lr01_n750,0.16399,10.47,success,"{'max_depth': 12, 'learning_rate': 0.1, 'n_estimators': 750, 'subsample': 0.8, 'colsample_bytree': 0.8, 'reg_alpha': 0.2, 'reg_lambda': 0.2, 'min_child_weight': 3}"
123,xgboost,xgb_d12_lr01_n1000,0.16399,10.21,success,"{'max_depth': 12, 'learning_rate': 0.1, 'n_estimators': 1000, 'subsample': 0.8, 'colsample_bytree': 0.8, 'reg_alpha': 0.2, 'reg_lambda': 0.2, 'min_child_weight': 3}"
124,xgboost,xgb_d12_lr01_n1250,0.16399,10.55,success,"{'max_depth': 12, 'learning_rate': 0.1, 'n_estimators': 1250, 'subsample': 0.8, 'colsample_bytree': 0.8, 'reg_alpha': 0.2, 'reg_lambda': 0.2, 'min_child_weight': 3}"
125,xgboost,xgb_d12_lr01_n1500,0.16399,10.35,success,"{'max_depth': 12, 'learning_rate': 0.1, 'n_estimators': 1500, 'subsample': 0.8, 'colsample_bytree': 0.8, 'reg_alpha': 0.2, 'reg_lambda': 0.2, 'min_child_weight': 3}"
206,catboost,cb_d10_lr001_n500,0.16356,12.3,success,"{'depth': 10, 'learning_rate': 0.01, 'iterations': 500, 'l2_leaf_reg': 5.0, 'subsample': 0.8, 'border_count': 254, 'random_strength': 0.5}"
207,catboost,cb_d10_lr001_n750,0.16356,12.04,success,"{'depth': 10, 'learning_rate': 0.01, 'iterations': 750, 'l2_leaf_reg': 5.0, 'subsample': 0.8, 'border_count': 254, 'random_strength': 0.5}"
208,catboost,cb_d10_lr001_n1000,0.16356,11.17,success,"{'depth': 10, 'learning_rate': 0.01, 'iterations': 1000, 'l2_leaf_reg': 5.0, 'subsample': 0.8, 'border_count': 254, 'random_strength': 0.5}"
209,catboost,cb_d10_lr001_n1250,0.16356,10.89,success,"{'depth': 10, 'learning_rate': 0.01, 'iterations': 1250, 'l2_leaf_reg': 5.0, 'subsample': 0.8, 'border_count': 254, 'random_strength': 0.5}"
210,catboost,cb_d10_lr001_n1500,0.16356,11.05,success,"{'depth': 10, 'learning_rate': 0.01, 'iterations': 1500, 'l2_leaf_reg': 5.0, 'subsample': 0.8, 'border_count': 254, 'random_strength': 0.5}"
76,xgboost,xgb_d10_lr0005_n500,0.15925,10.64,success,"{'max_depth': 10, 'learning_rate': 0.005, 'n_estimators': 500, 'subsample': 0.8, 'colsample_bytree': 0.8, 'reg_alpha': 0.2, 'reg_lambda': 0.2, 'min_child_weight': 3}"
77,xgboost,xgb_d10_lr0005_n750,0.15925,10.55,success,"{'max_depth': 10, 'learning_rate': 0.005, 'n_estimators': 750, 'subsample': 0.8, 'colsample_bytree': 0.8, 'reg_alpha': 0.2, 'reg_lambda': 0.2, 'min_child_weight': 3}"
78,xgboost,xgb_d10_lr0005_n1000,0.15925,10.53,success,"{'max_depth': 10, 'learning_rate': 0.005, 'n_estimators': 1000, 'subsample': 0.8, 'colsample_bytree': 0.8, 'reg_alpha': 0.2, 'reg_lambda': 0.2, 'min_child_weight': 3}"
79,xgboost,xgb_d10_lr0005_n1250,0.15925,11.2,success,"{'max_depth': 10, 'learning_rate': 0.005, 'n_estimators': 1250, 'subsample': 0.8, 'colsample_bytree': 0.8, 'reg_alpha': 0.2, 'reg_lambda': 0.2, 'min_child_weight': 3}"
80,xgboost,xgb_d10_lr0005_n1500,0.15925,11.32,success,"{'max_depth': 10, 'learning_rate': 0.005, 'n_estimators': 1500, 'subsample': 0.8, 'colsample_bytree': 0.8, 'reg_alpha': 0.2, 'reg_lambda': 0.2, 'min_child_weight': 3}"
81,xgboost,xgb_d10_lr001_n500,0.15925,10.56,success,"{'max_depth': 10, 'learning_rate': 0.01, 'n_estimators': 500, 'subsample': 0.8, 'colsample_bytree': 0.8, 'reg_alpha': 0.2, 'reg_lambda': 0.2, 'min_child_weight': 3}"
82,xgboost,xgb_d10_lr001_n750,0.15925,10.21,success,"{'max_depth': 10, 'learning_rate': 0.01, 'n_estimators': 750, 'subsample': 0.8, 'colsample_bytree': 0.8, 'reg_alpha': 0.2, 'reg_lambda': 0.2, 'min_child_weight': 3}"
83,xgboost,xgb_d10_lr001_n1000,0.15925,10.63,success,"{'max_depth': 10, 'learning_rate': 0.01, 'n_estimators': 1000, 'subsample': 0.8, 'colsample_bytree': 0.8, 'reg_alpha': 0.2, 'reg_lambda': 0.2, 'min_child_weight': 3}"
84,xgboost,xgb_d10_lr001_n1250,0.15925,11.3,success,"{'max_depth': 10, 'learning_rate': 0.01, 'n_estimators': 1250, 'subsample': 0.8, 'colsample_bytree': 0.8, 'reg_alpha': 0.2, 'reg_lambda': 0.2, 'min_child_weight': 3}"
85,xgboost,xgb_d10_lr001_n1500,0.15925,11.24,success,"{'max_depth': 10, 'learning_rate': 0.01, 'n_estimators': 1500, 'subsample': 0.8, 'colsample_bytree': 0.8, 'reg_alpha': 0.2, 'reg_lambda': 0.2, 'min_child_weight': 3}"
86,xgboost,xgb_d10_lr002_n500,0.15925,10.92,success,"{'max_depth': 10, 'learning_rate': 0.02, 'n_estimators': 500, 'subsample': 0.8, 'colsample_bytree': 0.8, 'reg_alpha': 0.2, 'reg_lambda': 0.2, 'min_child_weight': 3}"
87,xgboost,xgb_d10_lr002_n750,0.15925,10.99,success,"{'max_depth': 10, 'learning_rate': 0.02, 'n_estimators': 750, 'subsample': 0.8, 'colsample_bytree': 0.8, 'reg_alpha': 0.2, 'reg_lambda': 0.2, 'min_child_weight': 3}"
88,xgboost,xgb_d10_lr002_n1000,0.15925,10.99,success,"{'max_depth': 10, 'learning_rate': 0.02, 'n_estimators': 1000, 'subsample': 0.8, 'colsample_bytree': 0.8, 'reg_alpha': 0.2, 'reg_lambda': 0.2, 'min_child_weight': 3}"
89,xgboost,xgb_d10_lr002_n1250,0.15925,10.71,success,"{'max_depth': 10, 'learning_rate': 0.02, 'n_estimators': 1250, 'subsample': 0.8, 'colsample_bytree': 0.8, 'reg_alpha': 0.2, 'reg_lambda': 0.2, 'min_child_weight': 3}"
90,xgboost,xgb_d10_lr002_n1500,0.15925,10.91,success,"{'max_depth': 10, 'learning_rate': 0.02, 'n_estimators': 1500, 'subsample': 0.8, 'colsample_bytree': 0.8, 'reg_alpha': 0.2, 'reg_lambda': 0.2, 'min_child_weight': 3}"
91,xgboost,xgb_d10_lr005_n500,0.15925,10.35,success,"{'max_depth': 10, 'learning_rate': 0.05, 'n_estimators': 500, 'subsample': 0.8, 'colsample_bytree': 0.8, 'reg_alpha': 0.2, 'reg_lambda': 0.2, 'min_child_weight': 3}"
92,xgboost,xgb_d10_lr005_n750,0.15925,10.45,success,"{'max_depth': 10, 'learning_rate': 0.05, 'n_estimators': 750, 'subsample': 0.8, 'colsample_bytree': 0.8, 'reg_alpha': 0.2, 'reg_lambda': 0.2, 'min_child_weight': 3}"
93,xgboost,xgb_d10_lr005_n1000,0.15925,10.45,success,"{'max_depth': 10, 'learning_rate': 0.05, 'n_estimators': 1000, 'subsample': 0.8, 'colsample_bytree': 0.8, 'reg_alpha': 0.2, 'reg_lambda': 0.2, 'min_child_weight': 3}"
94,xgboost,xgb_d10_lr005_n1250,0.15925,10.74,success,"{'max_depth': 10, 'learning_rate': 0.05, 'n_estimators': 1250, 'subsample': 0.8, 'colsample_bytree': 0.8, 'reg_alpha': 0.2, 'reg_lambda': 0.2, 'min_child_weight': 3}"
95,xgboost,xgb_d10_lr005_n1500,0.15925,10.64,success,"{'max_depth': 10, 'learning_rate': 0.05, 'n_estimators': 1500, 'subsample': 0.8, 'colsample_bytree': 0.8, 'reg_alpha': 0.2, 'reg_lambda': 0.2, 'min_child_weight': 3}"
96,xgboost,xgb_d10_lr01_n500,0.15925,10.79,success,"{'max_depth': 10, 'learning_rate': 0.1, 'n_estimators': 500, 'subsample': 0.8, 'colsample_bytree': 0.8, 'reg_alpha': 0.2, 'reg_lambda': 0.2, 'min_child_weight': 3}"
97,xgboost,xgb_d10_lr01_n750,0.15925,10.87,success,"{'max_depth': 10, 'learning_rate': 0.1, 'n_estimators': 750, 'subsample': 0.8, 'colsample_bytree': 0.8, 'reg_alpha': 0.2, 'reg_lambda': 0.2, 'min_child_weight': 3}"
98,xgboost,xgb_d10_lr01_n1000,0.15925,11.08,success,"{'max_depth': 10, 'learning_rate': 0.1, 'n_estimators': 1000, 'subsample': 0.8, 'colsample_bytree': 0.8, 'reg_alpha': 0.2, 'reg_lambda': 0.2, 'min_child_weight': 3}"
99,xgboost,xgb_d10_lr01_n1250,0.15925,10.77,success,"{'max_depth': 10, 'learning_rate': 0.1, 'n_estimators': 1250, 'subsample': 0.8, 'colsample_bytree': 0.8, 'reg_alpha': 0.2, 'reg_lambda': 0.2, 'min_child_weight': 3}"
100,xgboost,xgb_d10_lr01_n1500,0.15925,10.78,success,"{'max_depth': 10, 'learning_rate': 0.1, 'n_estimators': 1500, 'subsample': 0.8, 'colsample_bytree': 0.8, 'reg_alpha': 0.2, 'reg_lambda': 0.2, 'min_child_weight': 3}"
186,catboost,cb_d8_lr002_n500,0.15913,9.15,success,"{'depth': 8, 'learning_rate': 0.02, 'iterations': 500, 'l2_leaf_reg': 5.0, 'subsample': 0.8, 'border_count': 254, 'random_strength': 0.5}"
187,catboost,cb_d8_lr002_n750,0.15913,9.39,success,"{'depth': 8, 'learning_rate': 0.02, 'iterations': 750, 'l2_leaf_reg': 5.0, 'subsample': 0.8, 'border_count': 254, 'random_strength': 0.5}"
188,catboost,cb_d8_lr002_n1000,0.15913,9.35,success,"{'depth': 8, 'learning_rate': 0.02, 'iterations': 1000, 'l2_leaf_reg': 5.0, 'subsample': 0.8, 'border_count': 254, 'random_strength': 0.5}"
189,catboost,cb_d8_lr002_n1250,0.15913,9.19,success,"{'depth': 8, 'learning_rate': 0.02, 'iterations': 1250, 'l2_leaf_reg': 5.0, 'subsample': 0.8, 'border_count': 254, 'random_strength': 0.5}"
190,catboost,cb_d8_lr002_n1500,0.15913,9.24,success,"{'depth': 8, 'learning_rate': 0.02, 'iterations': 1500, 'l2_leaf_reg': 5.0, 'subsample': 0.8, 'border_count': 254, 'random_strength': 0.5}"
201,catboost,cb_d10_lr0005_n500,0.15798,13.96,success,"{'depth': 10, 'learning_rate': 0.005, 'iterations': 500, 'l2_leaf_reg': 5.0, 'subsample': 0.8, 'border_count': 254, 'random_strength': 0.5}"
202,catboost,cb_d10_lr0005_n750,0.15798,13.72,success,"{'depth': 10, 'learning_rate': 0.005, 'iterations': 750, 'l2_leaf_reg': 5.0, 'subsample': 0.8, 'border_count': 254, 'random_strength': 0.5}"
203,catboost,cb_d10_lr0005_n1000,0.15798,13.74,success,"{'depth': 10, 'learning_rate': 0.005, 'iterations': 1000, 'l2_leaf_reg': 5.0, 'subsample': 0.8, 'border_count': 254, 'random_strength': 0.5}"
204,catboost,cb_d10_lr0005_n1250,0.15798,13.79,success,"{'depth': 10, 'learning_rate': 0.005, 'iterations': 1250, 'l2_leaf_reg': 5.0, 'subsample': 0.8, 'border_count': 254, 'random_strength': 0.5}"
205,catboost,cb_d10_lr0005_n1500,0.15798,14.08,success,"{'depth': 10, 'learning_rate': 0.005, 'iterations': 1500, 'l2_leaf_reg': 5.0, 'subsample': 0.8, 'border_count': 254, 'random_strength': 0.5}"
126,catboost,cb_d4_lr0005_n500,0.15688,7.63,success,"{'depth': 4, 'learning_rate': 0.005, 'iterations': 500, 'l2_leaf_reg': 5.0, 'subsample': 0.8, 'border_count': 254, 'random_strength': 0.5}"
127,catboost,cb_d4_lr0005_n750,0.15688,7.66,success,"{'depth': 4, 'learning_rate': 0.005, 'iterations': 750, 'l2_leaf_reg': 5.0, 'subsample': 0.8, 'border_count': 254, 'random_strength': 0.5}"
128,catboost,cb_d4_lr0005_n1000,0.15688,7.64,success,"{'depth': 4, 'learning_rate': 0.005, 'iterations': 1000, 'l2_leaf_reg': 5.0, 'subsample': 0.8, 'border_count': 254, 'random_strength': 0.5}"
129,catboost,cb_d4_lr0005_n1250,0.15688,7.79,success,"{'depth': 4, 'learning_rate': 0.005, 'iterations': 1250, 'l2_leaf_reg': 5.0, 'subsample': 0.8, 'border_count': 254, 'random_strength': 0.5}"
130,catboost,cb_d4_lr0005_n1500,0.15688,7.84,success,"{'depth': 4, 'learning_rate': 0.005, 'iterations': 1500, 'l2_leaf_reg': 5.0, 'subsample': 0.8, 'border_count': 254, 'random_strength': 0.5}"
196,catboost,cb_d8_lr01_n500,0.15368,9.29,success,"{'depth': 8, 'learning_rate': 0.1, 'iterations': 500, 'l2_leaf_reg': 5.0, 'subsample': 0.8, 'border_count': 254, 'random_strength': 0.5}"
197,catboost,cb_d8_lr01_n750,0.15368,9.35,success,"{'depth': 8, 'learning_rate': 0.1, 'iterations': 750, 'l2_leaf_reg': 5.0, 'subsample': 0.8, 'border_count': 254, 'random_strength': 0.5}"
198,catboost,cb_d8_lr01_n1000,0.15368,8.93,success,"{'depth': 8, 'learning_rate': 0.1, 'iterations': 1000, 'l2_leaf_reg': 5.0, 'subsample': 0.8, 'border_count': 254, 'random_strength': 0.5}"
199,catboost,cb_d8_lr01_n1250,0.15368,9.19,success,"{'depth': 8, 'learning_rate': 0.1, 'iterations': 1250, 'l2_leaf_reg': 5.0, 'subsample': 0.8, 'border_count': 254, 'random_strength': 0.5}"
200,catboost,cb_d8_lr01_n1500,0.15368,9.29,success,"{'depth': 8, 'learning_rate': 0.1, 'iterations': 1500, 'l2_leaf_reg': 5.0, 'subsample': 0.8, 'border_count': 254, 'random_strength': 0.5}"
211,catboost,cb_d10_lr002_n500,0.15213,10.48,success,"{'depth': 10, 'learning_rate': 0.02, 'iterations': 500, 'l2_leaf_reg': 5.0, 'subsample': 0.8, 'border_count': 254, 'random_strength': 0.5}"
212,catboost,cb_d10_lr002_n750,0.15213,10.52,success,"{'depth': 10, 'learning_rate': 0.02, 'iterations': 750, 'l2_leaf_reg': 5.0, 'subsample': 0.8, 'border_count': 254, 'random_strength': 0.5}"
213,catboost,cb_d10_lr002_n1000,0.15213,10.48,success,"{'depth': 10, 'learning_rate': 0.02, 'iterations': 1000, 'l2_leaf_reg': 5.0, 'subsample': 0.8, 'border_count': 254, 'random_strength': 0.5}"
214,catboost,cb_d10_lr002_n1250,0.15213,10.49,success,"{'depth': 10, 'learning_rate': 0.02, 'iterations': 1250, 'l2_leaf_reg': 5.0, 'subsample': 0.8, 'border_count': 254, 'random_strength': 0.5}"
215,catboost,cb_d10_lr002_n1500,0.15213,10.42,success,"{'depth': 10, 'learning_rate': 0.02, 'iterations': 1500, 'l2_leaf_reg': 5.0, 'subsample': 0.8, 'border_count': 254, 'random_strength': 0.5}"
226,catboost,cb_d12_lr0005_n500,0.15119,23.55,success,"{'depth': 12, 'learning_rate': 0.005, 'iterations': 500, 'l2_leaf_reg': 5.0, 'subsample': 0.8, 'border_count': 254, 'random_strength': 0.5}"
227,catboost,cb_d12_lr0005_n750,0.15119,25.4,success,"{'depth': 12, 'learning_rate': 0.005, 'iterations': 750, 'l2_leaf_reg': 5.0, 'subsample': 0.8, 'border_count': 254, 'random_strength': 0.5}"
228,catboost,cb_d12_lr0005_n1000,0.15119,24.51,success,"{'depth': 12, 'learning_rate': 0.005, 'iterations': 1000, 'l2_leaf_reg': 5.0, 'subsample': 0.8, 'border_count': 254, 'random_strength': 0.5}"
229,catboost,cb_d12_lr0005_n1250,0.15119,24.4,success,"{'depth': 12, 'learning_rate': 0.005, 'iterations': 1250, 'l2_leaf_reg': 5.0, 'subsample': 0.8, 'border_count': 254, 'random_strength': 0.5}"
230,catboost,cb_d12_lr0005_n1500,0.15119,24.31,success,"{'depth': 12, 'learning_rate': 0.005, 'iterations': 1500, 'l2_leaf_reg': 5.0, 'subsample': 0.8, 'border_count': 254, 'random_strength': 0.5}"
181,catboost,cb_d8_lr001_n500,0.15115,9.42,success,"{'depth': 8, 'learning_rate': 0.01, 'iterations': 500, 'l2_leaf_reg': 5.0, 'subsample': 0.8, 'border_count': 254, 'random_strength': 0.5}"
182,catboost,cb_d8_lr001_n750,0.15115,9.13,success,"{'depth': 8, 'learning_rate': 0.01, 'iterations': 750, 'l2_leaf_reg': 5.0, 'subsample': 0.8, 'border_count': 254, 'random_strength': 0.5}"
183,catboost,cb_d8_lr001_n1000,0.15115,9.13,success,"{'depth': 8, 'learning_rate': 0.01, 'iterations': 1000, 'l2_leaf_reg': 5.0, 'subsample': 0.8, 'border_count': 254, 'random_strength': 0.5}"
184,catboost,cb_d8_lr001_n1250,0.15115,9.51,success,"{'depth': 8, 'learning_rate': 0.01, 'iterations': 1250, 'l2_leaf_reg': 5.0, 'subsample': 0.8, 'border_count': 254, 'random_strength': 0.5}"
185,catboost,cb_d8_lr001_n1500,0.15115,9.49,success,"{'depth': 8, 'learning_rate': 0.01, 'iterations': 1500, 'l2_leaf_reg': 5.0, 'subsample': 0.8, 'border_count': 254, 'random_strength': 0.5}"
191,catboost,cb_d8_lr005_n500,0.14889,8.82,success,"{'depth': 8, 'learning_rate': 0.05, 'iterations': 500, 'l2_leaf_reg': 5.0, 'subsample': 0.8, 'border_count': 254, 'random_strength': 0.5}"
192,catboost,cb_d8_lr005_n750,0.14889,8.79,success,"{'depth': 8, 'learning_rate': 0.05, 'iterations': 750, 'l2_leaf_reg': 5.0, 'subsample': 0.8, 'border_count': 254, 'random_strength': 0.5}"
193,catboost,cb_d8_lr005_n1000,0.14889,8.78,success,"{'depth': 8, 'learning_rate': 0.05, 'iterations': 1000, 'l2_leaf_reg': 5.0, 'subsample': 0.8, 'border_count': 254, 'random_strength': 0.5}"
194,catboost,cb_d8_lr005_n1250,0.14889,9.1,success,"{'depth': 8, 'learning_rate': 0.05, 'iterations': 1250, 'l2_leaf_reg': 5.0, 'subsample': 0.8, 'border_count': 254, 'random_strength': 0.5}"
195,catboost,cb_d8_lr005_n1500,0.14889,9.19,success,"{'depth': 8, 'learning_rate': 0.05, 'iterations': 1500, 'l2_leaf_reg': 5.0, 'subsample': 0.8, 'border_count': 254, 'random_strength': 0.5}"
156,catboost,cb_d6_lr001_n500,0.14269,8.27,success,"{'depth': 6, 'learning_rate': 0.01, 'iterations': 500, 'l2_leaf_reg': 5.0, 'subsample': 0.8, 'border_count': 254, 'random_strength': 0.5}"
157,catboost,cb_d6_lr001_n750,0.14269,8.21,success,"{'depth': 6, 'learning_rate': 0.01, 'iterations': 750, 'l2_leaf_reg': 5.0, 'subsample': 0.8, 'border_count': 254, 'random_strength': 0.5}"
158,catboost,cb_d6_lr001_n1000,0.14269,8.3,success,"{'depth': 6, 'learning_rate': 0.01, 'iterations': 1000, 'l2_leaf_reg': 5.0, 'subsample': 0.8, 'border_count': 254, 'random_strength': 0.5}"
159,catboost,cb_d6_lr001_n1250,0.14269,7.74,success,"{'depth': 6, 'learning_rate': 0.01, 'iterations': 1250, 'l2_leaf_reg': 5.0, 'subsample': 0.8, 'border_count': 254, 'random_strength': 0.5}"
160,catboost,cb_d6_lr001_n1500,0.14269,7.78,success,"{'depth': 6, 'learning_rate': 0.01, 'iterations': 1500, 'l2_leaf_reg': 5.0, 'subsample': 0.8, 'border_count': 254, 'random_strength': 0.5}"
246,catboost,cb_d12_lr01_n500,0.14166,17.07,success,"{'depth': 12, 'learning_rate': 0.1, 'iterations': 500, 'l2_leaf_reg': 5.0, 'subsample': 0.8, 'border_count': 254, 'random_strength': 0.5}"
247,catboost,cb_d12_lr01_n750,0.14166,17.16,success,"{'depth': 12, 'learning_rate': 0.1, 'iterations': 750, 'l2_leaf_reg': 5.0, 'subsample': 0.8, 'border_count': 254, 'random_strength': 0.5}"
248,catboost,cb_d12_lr01_n1000,0.14166,17.15,success,"{'depth': 12, 'learning_rate': 0.1, 'iterations': 1000, 'l2_leaf_reg': 5.0, 'subsample': 0.8, 'border_count': 254, 'random_strength': 0.5}"
249,catboost,cb_d12_lr01_n1250,0.14166,17.0,success,"{'depth': 12, 'learning_rate': 0.1, 'iterations': 1250, 'l2_leaf_reg': 5.0, 'subsample': 0.8, 'border_count': 254, 'random_strength': 0.5}"
250,catboost,cb_d12_lr01_n1500,0.14166,17.22,success,"{'depth': 12, 'learning_rate': 0.1, 'iterations': 1500, 'l2_leaf_reg': 5.0, 'subsample': 0.8, 'border_count': 254, 'random_strength': 0.5}"
176,catboost,cb_d8_lr0005_n500,0.13909,9.79,success,"{'depth': 8, 'learning_rate': 0.005, 'iterations': 500, 'l2_leaf_reg': 5.0, 'subsample': 0.8, 'border_count': 254, 'random_strength': 0.5}"
177,catboost,cb_d8_lr0005_n750,0.13909,9.93,success,"{'depth': 8, 'learning_rate': 0.005, 'iterations': 750, 'l2_leaf_reg': 5.0, 'subsample': 0.8, 'border_count': 254, 'random_strength': 0.5}"
178,catboost,cb_d8_lr0005_n1000,0.13909,10.19,success,"{'depth': 8, 'learning_rate': 0.005, 'iterations': 1000, 'l2_leaf_reg': 5.0, 'subsample': 0.8, 'border_count': 254, 'random_strength': 0.5}"
179,catboost,cb_d8_lr0005_n1250,0.13909,9.9,success,"{'depth': 8, 'learning_rate': 0.005, 'iterations': 1250, 'l2_leaf_reg': 5.0, 'subsample': 0.8, 'border_count': 254, 'random_strength': 0.5}"
180,catboost,cb_d8_lr0005_n1500,0.13909,9.86,success,"{'depth': 8, 'learning_rate': 0.005, 'iterations': 1500, 'l2_leaf_reg': 5.0, 'subsample': 0.8, 'border_count': 254, 'random_strength': 0.5}"
221,catboost,cb_d10_lr01_n500,0.13779,10.58,success,"{'depth': 10, 'learning_rate': 0.1, 'iterations': 500, 'l2_leaf_reg': 5.0, 'subsample': 0.8, 'border_count': 254, 'random_strength': 0.5}"
222,catboost,cb_d10_lr01_n750,0.13779,10.58,success,"{'depth': 10, 'learning_rate': 0.1, 'iterations': 750, 'l2_leaf_reg': 5.0, 'subsample': 0.8, 'border_count': 254, 'random_strength': 0.5}"
223,catboost,cb_d10_lr01_n1000,0.13779,10.51,success,"{'depth': 10, 'learning_rate': 0.1, 'iterations': 1000, 'l2_leaf_reg': 5.0, 'subsample': 0.8, 'border_count': 254, 'random_strength': 0.5}"
224,catboost,cb_d10_lr01_n1250,0.13779,10.47,success,"{'depth': 10, 'learning_rate': 0.1, 'iterations': 1250, 'l2_leaf_reg': 5.0, 'subsample': 0.8, 'border_count': 254, 'random_strength': 0.5}"
225,catboost,cb_d10_lr01_n1500,0.13779,10.59,success,"{'depth': 10, 'learning_rate': 0.1, 'iterations': 1500, 'l2_leaf_reg': 5.0, 'subsample': 0.8, 'border_count': 254, 'random_strength': 0.5}"
151,catboost,cb_d6_lr0005_n500,0.13621,7.78,success,"{'depth': 6, 'learning_rate': 0.005, 'iterations': 500, 'l2_leaf_reg': 5.0, 'subsample': 0.8, 'border_count': 254, 'random_strength': 0.5}"
152,catboost,cb_d6_lr0005_n750,0.13621,7.75,success,"{'depth': 6, 'learning_rate': 0.005, 'iterations': 750, 'l2_leaf_reg': 5.0, 'subsample': 0.8, 'border_count': 254, 'random_strength': 0.5}"
153,catboost,cb_d6_lr0005_n1000,0.13621,7.8,success,"{'depth': 6, 'learning_rate': 0.005, 'iterations': 1000, 'l2_leaf_reg': 5.0, 'subsample': 0.8, 'border_count': 254, 'random_strength': 0.5}"
154,catboost,cb_d6_lr0005_n1250,0.13621,7.93,success,"{'depth': 6, 'learning_rate': 0.005, 'iterations': 1250, 'l2_leaf_reg': 5.0, 'subsample': 0.8, 'border_count': 254, 'random_strength': 0.5}"
155,catboost,cb_d6_lr0005_n1500,0.13621,8.06,success,"{'depth': 6, 'learning_rate': 0.005, 'iterations': 1500, 'l2_leaf_reg': 5.0, 'subsample': 0.8, 'border_count': 254, 'random_strength': 0.5}"
136,catboost,cb_d4_lr002_n500,0.13289,7.41,success,"{'depth': 4, 'learning_rate': 0.02, 'iterations': 500, 'l2_leaf_reg': 5.0, 'subsample': 0.8, 'border_count': 254, 'random_strength': 0.5}"
137,catboost,cb_d4_lr002_n750,0.13289,7.45,success,"{'depth': 4, 'learning_rate': 0.02, 'iterations': 750, 'l2_leaf_reg': 5.0, 'subsample': 0.8, 'border_count': 254, 'random_strength': 0.5}"
138,catboost,cb_d4_lr002_n1000,0.13289,7.48,success,"{'depth': 4, 'learning_rate': 0.02, 'iterations': 1000, 'l2_leaf_reg': 5.0, 'subsample': 0.8, 'border_count': 254, 'random_strength': 0.5}"
139,catboost,cb_d4_lr002_n1250,0.13289,7.71,success,"{'depth': 4, 'learning_rate': 0.02, 'iterations': 1250, 'l2_leaf_reg': 5.0, 'subsample': 0.8, 'border_count': 254, 'random_strength': 0.5}"
140,catboost,cb_d4_lr002_n1500,0.13289,7.7,success,"{'depth': 4, 'learning_rate': 0.02, 'iterations': 1500, 'l2_leaf_reg': 5.0, 'subsample': 0.8, 'border_count': 254, 'random_strength': 0.5}"
141,catboost,cb_d4_lr005_n500,0.13289,7.63,success,"{'depth': 4, 'learning_rate': 0.05, 'iterations': 500, 'l2_leaf_reg': 5.0, 'subsample': 0.8, 'border_count': 254, 'random_strength': 0.5}"
142,catboost,cb_d4_lr005_n750,0.13289,7.71,success,"{'depth': 4, 'learning_rate': 0.05, 'iterations': 750, 'l2_leaf_reg': 5.0, 'subsample': 0.8, 'border_count': 254, 'random_strength': 0.5}"
143,catboost,cb_d4_lr005_n1000,0.13289,7.5,success,"{'depth': 4, 'learning_rate': 0.05, 'iterations': 1000, 'l2_leaf_reg': 5.0, 'subsample': 0.8, 'border_count': 254, 'random_strength': 0.5}"
144,catboost,cb_d4_lr005_n1250,0.13289,7.49,success,"{'depth': 4, 'learning_rate': 0.05, 'iterations': 1250, 'l2_leaf_reg': 5.0, 'subsample': 0.8, 'border_count': 254, 'random_strength': 0.5}"
145,catboost,cb_d4_lr005_n1500,0.13289,7.52,success,"{'depth': 4, 'learning_rate': 0.05, 'iterations': 1500, 'l2_leaf_reg': 5.0, 'subsample': 0.8, 'border_count': 254, 'random_strength': 0.5}"
146,catboost,cb_d4_lr01_n500,0.13289,7.51,success,"{'depth': 4, 'learning_rate': 0.1, 'iterations': 500, 'l2_leaf_reg': 5.0, 'subsample': 0.8, 'border_count': 254, 'random_strength': 0.5}"
147,catboost,cb_d4_lr01_n750,0.13289,7.61,success,"{'depth': 4, 'learning_rate': 0.1, 'iterations': 750, 'l2_leaf_reg': 5.0, 'subsample': 0.8, 'border_count': 254, 'random_strength': 0.5}"
148,catboost,cb_d4_lr01_n1000,0.13289,7.74,success,"{'depth': 4, 'learning_rate': 0.1, 'iterations': 1000, 'l2_leaf_reg': 5.0, 'subsample': 0.8, 'border_count': 254, 'random_strength': 0.5}"
149,catboost,cb_d4_lr01_n1250,0.13289,7.86,success,"{'depth': 4, 'learning_rate': 0.1, 'iterations': 1250, 'l2_leaf_reg': 5.0, 'subsample': 0.8, 'border_count': 254, 'random_strength': 0.5}"
150,catboost,cb_d4_lr01_n1500,0.13289,7.47,success,"{'depth': 4, 'learning_rate': 0.1, 'iterations': 1500, 'l2_leaf_reg': 5.0, 'subsample': 0.8, 'border_count': 254, 'random_strength': 0.5}"
216,catboost,cb_d10_lr005_n500,0.12976,10.3,success,"{'depth': 10, 'learning_rate': 0.05, 'iterations': 500, 'l2_leaf_reg': 5.0, 'subsample': 0.8, 'border_count': 254, 'random_strength': 0.5}"
217,catboost,cb_d10_lr005_n750,0.12976,10.33,success,"{'depth': 10, 'learning_rate': 0.05, 'iterations': 750, 'l2_leaf_reg': 5.0, 'subsample': 0.8, 'border_count': 254, 'random_strength': 0.5}"
218,catboost,cb_d10_lr005_n1000,0.12976,10.32,success,"{'depth': 10, 'learning_rate': 0.05, 'iterations': 1000, 'l2_leaf_reg': 5.0, 'subsample': 0.8, 'border_count': 254, 'random_strength': 0.5}"
219,catboost,cb_d10_lr005_n1250,0.12976,10.3,success,"{'depth': 10, 'learning_rate': 0.05, 'iterations': 1250, 'l2_leaf_reg': 5.0, 'subsample': 0.8, 'border_count': 254, 'random_strength': 0.5}"
220,catboost,cb_d10_lr005_n1500,0.12976,10.25,success,"{'depth': 10, 'learning_rate': 0.05, 'iterations': 1500, 'l2_leaf_reg': 5.0, 'subsample': 0.8, 'border_count': 254, 'random_strength': 0.5}"
231,catboost,cb_d12_lr001_n500,0.12822,16.89,success,"{'depth': 12, 'learning_rate': 0.01, 'iterations': 500, 'l2_leaf_reg': 5.0, 'subsample': 0.8, 'border_count': 254, 'random_strength': 0.5}"
232,catboost,cb_d12_lr001_n750,0.12822,16.89,success,"{'depth': 12, 'learning_rate': 0.01, 'iterations': 750, 'l2_leaf_reg': 5.0, 'subsample': 0.8, 'border_count': 254, 'random_strength': 0.5}"
233,catboost,cb_d12_lr001_n1000,0.12822,16.73,success,"{'depth': 12, 'learning_rate': 0.01, 'iterations': 1000, 'l2_leaf_reg': 5.0, 'subsample': 0.8, 'border_count': 254, 'random_strength': 0.5}"
234,catboost,cb_d12_lr001_n1250,0.12822,16.93,success,"{'depth': 12, 'learning_rate': 0.01, 'iterations': 1250, 'l2_leaf_reg': 5.0, 'subsample': 0.8, 'border_count': 254, 'random_strength': 0.5}"
235,catboost,cb_d12_lr001_n1500,0.12822,16.94,success,"{'depth': 12, 'learning_rate': 0.01, 'iterations': 1500, 'l2_leaf_reg': 5.0, 'subsample': 0.8, 'border_count': 254, 'random_strength': 0.5}"
236,catboost,cb_d12_lr002_n500,0.12822,17.56,success,"{'depth': 12, 'learning_rate': 0.02, 'iterations': 500, 'l2_leaf_reg': 5.0, 'subsample': 0.8, 'border_count': 254, 'random_strength': 0.5}"
237,catboost,cb_d12_lr002_n750,0.12822,17.56,success,"{'depth': 12, 'learning_rate': 0.02, 'iterations': 750, 'l2_leaf_reg': 5.0, 'subsample': 0.8, 'border_count': 254, 'random_strength': 0.5}"
238,catboost,cb_d12_lr002_n1000,0.12822,17.27,success,"{'depth': 12, 'learning_rate': 0.02, 'iterations': 1000, 'l2_leaf_reg': 5.0, 'subsample': 0.8, 'border_count': 254, 'random_strength': 0.5}"
239,catboost,cb_d12_lr002_n1250,0.12822,17.26,success,"{'depth': 12, 'learning_rate': 0.02, 'iterations': 1250, 'l2_leaf_reg': 5.0, 'subsample': 0.8, 'border_count': 254, 'random_strength': 0.5}"
240,catboost,cb_d12_lr002_n1500,0.12822,17.33,success,"{'depth': 12, 'learning_rate': 0.02, 'iterations': 1500, 'l2_leaf_reg': 5.0, 'subsample': 0.8, 'border_count': 254, 'random_strength': 0.5}"
241,catboost,cb_d12_lr005_n500,0.12822,17.15,success,"{'depth': 12, 'learning_rate': 0.05, 'iterations': 500, 'l2_leaf_reg': 5.0, 'subsample': 0.8, 'border_count': 254, 'random_strength': 0.5}"
242,catboost,cb_d12_lr005_n750,0.12822,17.15,success,"{'depth': 12, 'learning_rate': 0.05, 'iterations': 750, 'l2_leaf_reg': 5.0, 'subsample': 0.8, 'border_count': 254, 'random_strength': 0.5}"
243,catboost,cb_d12_lr005_n1000,0.12822,16.96,success,"{'depth': 12, 'learning_rate': 0.05, 'iterations': 1000, 'l2_leaf_reg': 5.0, 'subsample': 0.8, 'border_count': 254, 'random_strength': 0.5}"
244,catboost,cb_d12_lr005_n1250,0.12822,17.0,success,"{'depth': 12, 'learning_rate': 0.05, 'iterations': 1250, 'l2_leaf_reg': 5.0, 'subsample': 0.8, 'border_count': 254, 'random_strength': 0.5}"
245,catboost,cb_d12_lr005_n1500,0.12822,16.82,success,"{'depth': 12, 'learning_rate': 0.05, 'iterations': 1500, 'l2_leaf_reg': 5.0, 'subsample': 0.8, 'border_count': 254, 'random_strength': 0.5}"
161,catboost,cb_d6_lr002_n500,0.11455,7.86,success,"{'depth': 6, 'learning_rate': 0.02, 'iterations': 500, 'l2_leaf_reg': 5.0, 'subsample': 0.8, 'border_count': 254, 'random_strength': 0.5}"
162,catboost,cb_d6_lr002_n750,0.11455,8.2,success,"{'depth': 6, 'learning_rate': 0.02, 'iterations': 750, 'l2_leaf_reg': 5.0, 'subsample': 0.8, 'border_count': 254, 'random_strength': 0.5}"
163,catboost,cb_d6_lr002_n1000,0.11455,7.97,success,"{'depth': 6, 'learning_rate': 0.02, 'iterations': 1000, 'l2_leaf_reg': 5.0, 'subsample': 0.8, 'border_count': 254, 'random_strength': 0.5}"
164,catboost,cb_d6_lr002_n1250,0.11455,8.28,success,"{'depth': 6, 'learning_rate': 0.02, 'iterations': 1250, 'l2_leaf_reg': 5.0, 'subsample': 0.8, 'border_count': 254, 'random_strength': 0.5}"
165,catboost,cb_d6_lr002_n1500,0.11455,8.02,success,"{'depth': 6, 'learning_rate': 0.02, 'iterations': 1500, 'l2_leaf_reg': 5.0, 'subsample': 0.8, 'border_count': 254, 'random_strength': 0.5}"
171,catboost,cb_d6_lr01_n500,0.11455,8.61,success,"{'depth': 6, 'learning_rate': 0.1, 'iterations': 500, 'l2_leaf_reg': 5.0, 'subsample': 0.8, 'border_count': 254, 'random_strength': 0.5}"
172,catboost,cb_d6_lr01_n750,0.11455,8.78,success,"{'depth': 6, 'learning_rate': 0.1, 'iterations': 750, 'l2_leaf_reg': 5.0, 'subsample': 0.8, 'border_count': 254, 'random_strength': 0.5}"
173,catboost,cb_d6_lr01_n1000,0.11455,8.8,success,"{'depth': 6, 'learning_rate': 0.1, 'iterations': 1000, 'l2_leaf_reg': 5.0, 'subsample': 0.8, 'border_count': 254, 'random_strength': 0.5}"
174,catboost,cb_d6_lr01_n1250,0.11455,8.78,success,"{'depth': 6, 'learning_rate': 0.1, 'iterations': 1250, 'l2_leaf_reg': 5.0, 'subsample': 0.8, 'border_count': 254, 'random_strength': 0.5}"
175,catboost,cb_d6_lr01_n1500,0.11455,8.72,success,"{'depth': 6, 'learning_rate': 0.1, 'iterations': 1500, 'l2_leaf_reg': 5.0, 'subsample': 0.8, 'border_count': 254, 'random_strength': 0.5}"
166,catboost,cb_d6_lr005_n500,0.10486,8.01,success,"{'depth': 6, 'learning_rate': 0.05, 'iterations': 500, 'l2_leaf_reg': 5.0, 'subsample': 0.8, 'border_count': 254, 'random_strength': 0.5}"
167,catboost,cb_d6_lr005_n750,0.10486,8.71,success,"{'depth': 6, 'learning_rate': 0.05, 'iterations': 750, 'l2_leaf_reg': 5.0, 'subsample': 0.8, 'border_count': 254, 'random_strength': 0.5}"
168,catboost,cb_d6_lr005_n1000,0.10486,8.7,success,"{'depth': 6, 'learning_rate': 0.05, 'iterations': 1000, 'l2_leaf_reg': 5.0, 'subsample': 0.8, 'border_count': 254, 'random_strength': 0.5}"
169,catboost,cb_d6_lr005_n1250,0.10486,8.89,success,"{'depth': 6, 'learning_rate': 0.05, 'iterations': 1250, 'l2_leaf_reg': 5.0, 'subsample': 0.8, 'border_count': 254, 'random_strength': 0.5}"
170,catboost,cb_d6_lr005_n1500,0.10486,8.94,success,"{'depth': 6, 'learning_rate': 0.05, 'iterations': 1500, 'l2_leaf_reg': 5.0, 'subsample': 0.8, 'border_count': 254, 'random_strength': 0.5}"
